open_time,close,feature_adx,feature_volatility_ratio,feature_vwap_distance,feature_volume_zscore,atr_current,atr_prev_day_mean,_atr_ratio,target_regime
2026-03-29 00:15:00+00:00,1992.68,32.85009954650949,1.0866099710864643,-0.0007298189450789206,0.39859210319688865,6.296679386330819,5.83745197064517,1.0786691553086807,1
2026-03-29 00:30:00+00:00,1993.62,33.84824738959148,1.022127113785672,-0.00022143775857144275,-0.34540731009899855,6.148345144450048,5.83745197064517,1.0532583694680948,1
2026-03-29 00:45:00+00:00,1998.01,33.84055474786891,1.0177390845335603,0.0016309626798404898,-0.11496531999714414,6.143463348417897,5.83745197064517,1.0524220806118094,1
2026-03-29 01:00:00+00:00,2003.16,32.21051624659085,1.1157672120101616,0.0029187190477311642,0.804037661978223,6.444644537816612,5.83745197064517,1.1040167131523881,1
2026-03-29 01:15:00+00:00,2003.26,30.696909066832657,1.0357890893151758,0.0026194518446197627,-0.3172224976337909,6.261455642258274,5.83745197064517,1.0726350595679919,1
2026-03-29 01:30:00+00:00,2001.28,29.82185581597207,1.0174686790938137,0.0014787242527083747,-0.3595350200621759,6.222065953525543,5.83745197064517,1.065887305765338,1
2026-03-29 01:45:00+00:00,2003.97,28.862914421061383,0.9954338386221568,0.0026585760031220063,-0.4602916771486953,6.1626326711308685,5.83745197064517,1.0557059316497912,1
2026-03-29 02:00:00+00:00,2004.9,27.74311917277747,0.9168601023173887,0.002952958673171403,-0.5915872272898771,5.933873194621524,5.83745197064517,1.0165176903315398,1
2026-03-29 02:15:00+00:00,2004.24,26.44129573821856,0.8579260783990497,0.002433355075457494,-0.5229620182369954,5.7307393950056955,5.83745197064517,0.9817193227154415,1
2026-03-29 02:30:00+00:00,2005.58,25.62488607695513,0.869091069420067,0.0029253260027426297,-0.46432997343643795,5.690686581076722,5.83745197064517,0.9748579705141065,1
2026-03-29 02:45:00+00:00,2008.19,24.106940984657346,0.8693143003420347,0.003656077803524097,0.3732946107908618,5.62849468242838,5.83745197064517,0.9642040244155199,0
2026-03-29 03:00:00+00:00,2006.69,22.697420541809404,0.8079875261786186,0.002668130460192809,-0.23705369741701102,5.411459347969204,5.83745197064517,0.9270242179604804,0
2026-03-29 03:15:00+00:00,2012.67,22.61175599445473,1.0448737745552452,0.004577278352045676,1.5856176840627343,5.957783680257115,5.83745197064517,1.020613738702615,0
2026-03-29 03:30:00+00:00,2010.92,22.532210343339674,0.983981814206064,0.0035284379612322975,-0.5088428944903151,5.810799131667327,5.83745197064517,0.9954341656065228,0
2026-03-29 03:45:00+00:00,2010.14,22.297505689976944,0.8913163405062864,0.003029525433049817,-0.6453757287994814,5.555742050833948,5.83745197064517,0.951740944297639,0
2026-03-29 04:00:00+00:00,2011.14,21.833169896678363,0.8517839892763645,0.0034205880614588654,-0.6319600166030896,5.406046190060097,5.83745197064517,0.9260969027660552,0
2026-03-29 04:15:00+00:00,2005.1,20.487551287899397,0.9132482110154968,0.00034514654201398063,-0.3340389898876793,5.4984714621986654,5.83745197064517,0.9419300561013371,0
2026-03-29 04:30:00+00:00,2004.79,19.153489537026015,0.8805156368401397,0.00018564039115383541,-0.7787793289068786,5.3778663577559,5.83745197064517,0.921269482781119,0
2026-03-29 04:45:00+00:00,2004.96,17.914717911215018,0.8167327337644001,0.00026659423323623484,-1.036929218699955,5.17087590363048,5.83745197064517,0.8858104408624337,0
2026-03-29 05:00:00+00:00,2000.68,17.580302812429395,0.8644863131547522,-0.0018068356917866463,0.011618163099354562,5.212241910514018,5.83745197064517,0.8928967530225259,0
2026-03-29 05:15:00+00:00,1999.23,17.8484425768836,0.8936408021614917,-0.002357718051754754,0.7303588884839217,5.229938916905876,5.83745197064517,0.8959283850566483,0
2026-03-29 05:30:00+00:00,2000.8,18.092119035936538,0.8368250194440932,-0.0015289861980458351,-0.596362224468037,5.0513718514126005,5.83745197064517,0.8653384861776104,0
2026-03-29 05:45:00+00:00,2004.13,17.18352455592883,0.8777933814122455,0.00013551198504408533,0.04203131747272886,5.086273862025984,5.83745197064517,0.8713174665253539,0
2026-03-29 06:00:00+00:00,2003.85,16.08391154244503,0.8547183591577714,-1.7821834810944372e-05,-0.6444553927417638,4.985825729024134,5.83745197064517,0.8541099359954284,0
2026-03-29 06:15:00+00:00,2000.83,16.035255054363176,0.942537430346945,-0.0014915705995595346,-0.144570494195838,5.143266748379556,5.83745197064517,0.8810807822048957,0
2026-03-29 06:30:00+00:00,2002.39,15.99007402971574,0.8757246638436135,-0.0006954826468221254,-0.7804221243283452,4.96446198063815,5.83745197064517,0.8504501631196231,0
2026-03-29 06:45:00+00:00,2003.59,15.1957752111626,0.8570116073193719,-9.786231499362516e-05,-0.6474918555530353,4.876286124878283,5.83745197064517,0.8353449671876861,0
2026-03-29 07:00:00+00:00,2001.36,15.080447371752701,0.8727285583837882,-0.0011780117003892003,-0.2725128501927514,4.861551401672696,5.83745197064517,0.8328207968339627,0
2026-03-29 07:15:00+00:00,2003.1,14.973357235157795,0.8236583727568361,-0.00029805425643006085,-0.78970579628377,4.706440587267492,5.83745197064517,0.8062491324870505,0
2026-03-29 07:30:00+00:00,2002.91,14.490329666275267,0.7875504812188188,-0.00038945933166052835,-0.9091330728452347,4.566694831034099,5.83745197064517,0.7823096196763014,0
2026-03-29 07:45:00+00:00,2005.0,13.967238589275896,0.9123645643041302,0.0006296514374899354,-0.19532417718739106,4.770502343103098,5.83745197064517,0.8172233993688602,0
2026-03-29 08:00:00+00:00,2002.53,13.347077688194407,0.9311757218275293,-0.0006008752921029387,-0.46658752762518413,4.787609318595734,5.83745197064517,0.8201539546143101,0
2026-03-29 08:15:00+00:00,2003.71,12.771213994333024,0.8563810161413958,-8.058346988774846e-06,-0.731252112555937,4.60063722441033,5.83745197064517,0.7881242102796875,0
2026-03-29 08:30:00+00:00,2004.08,12.552219009267773,0.7752720593959552,0.00017406135570672656,-1.5303363275780442,4.38202027980959,5.83745197064517,0.7506734619566006,0
2026-03-29 08:45:00+00:00,2003.2,11.904166718338109,0.7500087575966273,-0.0002633525881359108,-1.29625958728657,4.2583045455374835,5.83745197064517,0.7294800140457249,0
2026-03-29 09:00:00+00:00,2002.6,11.539651065180058,0.8286573871770961,-0.0005368762979593183,1.118666064921322,4.339139935141956,5.83745197064517,0.7433277321958648,0
2026-03-29 09:15:00+00:00,2001.59,11.20117224439044,0.8428304459005361,-0.0010261426230955056,-0.6315945932702168,4.316344225488958,5.83745197064517,0.7394226534444454,0
2026-03-29 09:30:00+00:00,1997.67,12.14727987949399,1.0285451085922892,-0.0027784802417727696,5.9802247502721695,4.6744624950969005,5.83745197064517,0.8007710416468347,0
2026-03-29 09:45:00+00:00,1998.06,13.025808397804429,0.9335201865784842,-0.0025580272124516227,-0.6703703064132989,4.484143745447121,5.83745197064517,0.7681679897319176,0
2026-03-29 10:00:00+00:00,1995.66,14.44969260253696,0.9203152107021751,-0.0036321856467257576,0.9729794133339443,4.440276335058034,5.83745197064517,0.7606531680923249,0
2026-03-29 10:15:00+00:00,1993.0,16.33227364353506,0.9623316876453832,-0.004774071213786011,1.269179668793168,4.510970882553877,5.83745197064517,0.7727636827229111,0
2026-03-29 10:30:00+00:00,1994.92,18.080384610176154,0.972648834344503,-0.0036964109580119686,0.582781502562394,4.52875867665717,5.83745197064517,0.7758108673837432,0
2026-03-29 10:45:00+00:00,1994.89,19.223454317058334,0.89624018995918,-0.0036602410356077913,-0.31113488348300344,4.363133056895947,5.83745197064517,0.7474379367636531,0
2026-03-29 11:00:00+00:00,2001.82,17.961927728315693,1.1782644515532124,-0.00015817980532709767,3.2703898148075687,4.979337838546237,5.83745197064517,0.8529985109232355,0
2026-03-29 11:15:00+00:00,2002.87,16.7905101816261,1.1262502089909838,0.0003661838273888872,-0.28594512115439097,4.938670850078655,5.83745197064517,0.846031945943843,0
2026-03-29 11:30:00+00:00,2005.0,16.07940389466527,1.0693639400223507,0.001410960166404936,-0.06435753504618254,4.863051503644456,5.83745197064517,0.8330777757314857,0
2026-03-29 11:45:00+00:00,2002.65,15.720779192276684,1.0868862262632955,0.00022328595204348798,-0.10365083004110268,4.94069068195557,5.83745197064517,0.8463779585341089,0
2026-03-29 12:00:00+00:00,2001.24,15.229822636618783,1.0186613597283523,-0.00047948827856509626,-0.4225055117912423,4.820641347530172,5.83745197064517,0.8258125928524569,0
2026-03-29 12:15:00+00:00,2001.68,14.667846553570087,0.9269939557161516,-0.00025632758899167893,-0.6574708140102965,4.624881251278028,5.83745197064517,0.7922773968051807,0
2026-03-29 12:30:00+00:00,1998.16,14.096011193281724,0.999266302212991,-0.001984490574102317,0.04474389461199987,4.761675447615309,5.83745197064517,0.8157112849168395,0
2026-03-29 12:45:00+00:00,2000.64,13.5650212158711,1.007339860383949,-0.0007356093561018178,-0.6013304477351262,4.783698629928496,5.83745197064517,0.8194840238488146,0
2026-03-29 13:00:00+00:00,1988.52,15.47550153181849,1.386271255834297,-0.006117912832241974,8.194895793739706,5.79057729921931,5.83745197064517,0.9919700116315168,0
2026-03-29 13:15:00+00:00,1990.22,17.24951896805535,1.3424081513778623,-0.005065642939553626,0.6251153068525058,5.871250349275078,5.83745197064517,1.0057899197800462,0
2026-03-29 13:30:00+00:00,1991.01,18.896820873132437,1.2208278026303223,-0.004588701407377745,-0.19250287916318695,5.699018181469718,5.83745197064517,0.9762852371425761,0
2026-03-29 13:45:00+00:00,1986.12,20.92834535735675,1.2171227759341652,-0.006826142878046271,0.46497066514555346,5.798374025650447,5.83745197064517,0.9933056502749428,0
2026-03-29 14:00:00+00:00,1994.14,20.521828661401464,1.4715125607928954,-0.002543206921337625,2.7081673635936627,6.71991873810399,5.83745197064517,1.1511732810644928,0
2026-03-29 14:15:00+00:00,1990.94,20.14434887230013,1.3613455223077695,-0.004077654383568191,-0.25051567933513547,6.631353113953691,5.83745197064517,1.1360013148375037,0
2026-03-29 14:30:00+00:00,1993.96,19.793831925277466,1.23932620927017,-0.002533794392894133,-0.5984320423139186,6.440542177242715,5.83745197064517,1.103313947528872,0
2026-03-29 14:45:00+00:00,1993.13,19.47996708965261,1.1433012843462294,-0.002916313356275621,-0.5555486070208993,6.268360593153949,5.83745197064517,1.073817930267468,0
2026-03-29 15:00:00+00:00,1992.78,18.148909785804474,1.221157807568193,-0.0029965727281450185,0.5091889430933353,6.57490626507152,5.83745197064517,1.1263315395372484,0
2026-03-29 15:15:00+00:00,1988.66,17.427390883263296,1.2930145732305869,-0.0049527213939955985,0.12652761216814912,6.9288415318521235,5.83745197064517,1.1869633474836676,0
2026-03-29 15:30:00+00:00,1989.95,16.757409045189345,1.184104373644918,-0.004233348158338244,-0.30740095113162486,6.731067136719836,5.83745197064517,1.1530830866906303,0
2026-03-29 15:45:00+00:00,1991.8,15.608726394806743,1.1096109316155547,-0.0032787736015309045,-0.6420702679163548,6.585990912668406,5.83745197064517,1.1282304241280987,0
2026-03-29 16:00:00+00:00,1992.33,14.565097472951253,1.0054966706973263,-0.0029901418111851026,-0.6630342528660659,6.317705847477801,5.83745197064517,1.0822711483105447,0
2026-03-29 16:15:00+00:00,1999.82,15.233216537928286,1.1272238070178915,0.0007581411487831361,1.0369454262828242,6.675012572657954,5.83745197064517,1.143480512769035,0
2026-03-29 16:30:00+00:00,1995.95,15.853612812549816,1.0516675531787991,-0.001171935875833708,-0.4807449202022604,6.498225960325247,5.83745197064517,1.1131956190822494,0
2026-03-29 16:45:00+00:00,1996.74,16.34290162026903,0.9719898441240051,-0.0007726770699978379,-0.7531490019333368,6.2762098203020225,5.83745197064517,1.0751625626837251,0
2026-03-29 17:00:00+00:00,1992.9,15.914937205357903,1.0180504509047246,-0.00267647617804383,-0.53186099536344,6.382909118851877,5.83745197064517,1.0934409655016695,0
2026-03-29 17:15:00+00:00,1989.42,15.0541092347157,1.031821932613407,-0.0043118358957049945,0.25441318972339144,6.421272753219606,5.83745197064517,1.1000129483737595,0
2026-03-29 17:30:00+00:00,1995.65,14.28398333574634,1.0626814553959194,-0.0011722613540760807,-0.5764808763968116,6.520467556561059,5.83745197064517,1.1170057739833361,0
2026-03-29 17:45:00+00:00,1994.29,13.568866429560506,0.9505946587218111,-0.0018367886593582798,-0.5634937471289188,6.2111484453781305,5.83745197064517,1.0640170534356719,0
2026-03-29 18:00:00+00:00,1993.0,12.888986151679479,0.916941616756363,-0.0024631230150868226,-0.6775103132149493,6.080352127851129,5.83745197064517,1.0416106476639864,0
2026-03-29 18:15:00+00:00,1992.75,12.348014384270268,0.9053309214148202,-0.0025698674191489625,-0.728568313457701,5.99746983300461,5.83745197064517,1.027412279049853,0
2026-03-29 18:30:00+00:00,1998.01,12.210003204821946,0.9930335812293002,6.907379260992793e-05,-0.009205861549477069,6.189793416361427,5.83745197064517,1.06035877425426,0
2026-03-29 18:45:00+00:00,1996.48,12.08184996676279,0.9212561624565214,-0.0006915592528926763,-0.5822374696185952,5.976236743764186,5.83745197064517,1.0237748890812162,0
2026-03-29 19:00:00+00:00,1997.27,11.941298621539321,0.8452326320574526,-0.0002933433171758703,-0.8224785234831684,5.727219833495316,5.83745197064517,0.9811163950120396,0
2026-03-29 19:15:00+00:00,1996.85,12.20488684008971,0.8090965803788595,-0.0005026719441295023,-0.8870832721357315,5.557418416817073,5.83745197064517,0.9520281185633211,0
2026-03-29 19:30:00+00:00,1994.36,11.747737126031662,0.8400367202748739,-0.0017427448635444571,-0.7872125515224899,5.546174244187289,5.83745197064517,0.9501019061188629,0
2026-03-29 19:45:00+00:00,1995.04,11.32324096297776,0.7691367756651811,-0.0013967718246304045,-0.9351553530321619,5.296447512459622,5.83745197064517,0.9073218142254359,0
2026-03-29 20:00:00+00:00,1996.52,11.499283752990104,0.763006417279692,-0.0006531300734642478,-0.8031669490327374,5.182415547283938,5.83745197064517,0.8877872697445361,0
2026-03-29 20:15:00+00:00,2005.26,13.302789523065377,1.0089932217943993,0.003645523487484797,2.0995096943984684,5.706528722477941,5.83745197064517,0.9775718500425179,0
2026-03-29 20:30:00+00:00,2000.44,14.977473452420986,1.0096627526485307,0.0012118849405245745,-0.05174345626316684,5.715348099443798,5.83745197064517,0.9790826765144456,0
2026-03-29 20:45:00+00:00,2001.57,16.307954839765234,0.9175103583692229,0.0017720919563265383,-0.801116500123446,5.477108949483519,5.83745197064517,0.938270494905361,0
2026-03-29 21:00:00+00:00,2001.35,17.87768222294879,0.8858871555338088,0.0016523848086191363,-0.6310148793356077,5.36088688166326,5.83745197064517,0.9183607691543476,0
2026-03-29 21:15:00+00:00,2003.26,19.435394692894448,0.8780949964789141,0.0025920092211400543,-0.39457653857636743,5.2929663901158905,5.83745197064517,0.9067254714441614,0
2026-03-29 21:30:00+00:00,2003.63,21.126946206186407,0.8713122854587388,0.0027500435403755097,0.040606821045068145,5.225611647964749,5.83745197064517,0.8951870909161761,0
2026-03-29 21:45:00+00:00,2005.31,22.697672611386082,0.8365205336547414,0.0035707188046837815,-0.40753804068415134,5.089496530252976,5.83745197064517,0.8718695341471858,0
2026-03-29 22:00:00+00:00,1991.29,21.689994947478247,1.213724246672875,-0.0033802617914560694,5.127618844482229,6.0345324923777754,5.83745197064517,1.0337613949928266,0
2026-03-29 22:15:00+00:00,1993.72,20.75429425956383,1.182449774854225,-0.0021413934690182527,0.16563764541224518,6.061351600065066,5.83745197064517,1.0383557124830871,0
2026-03-29 22:30:00+00:00,1965.74,22.677030587555148,1.6551619460046136,-0.015011680431634724,12.237664966949241,7.899826485774701,5.83745197064517,1.3533004683380019,0
2026-03-29 22:45:00+00:00,1972.83,25.57134232537399,1.97965902668621,-0.008940198325270156,7.8175645579156905,10.186267451076514,5.83745197064517,1.7449852268250357,2
2026-03-29 23:00:00+00:00,1985.11,26.2038045608671,1.9311631056316478,-0.0025923591054172555,1.0230508815369086,10.996534061713904,5.83745197064517,1.8837900709097464,2
2026-03-29 23:15:00+00:00,1982.15,26.791090922396414,1.7840779678553595,-0.004016195202282784,0.15603942152363268,11.130353057305776,5.83745197064517,1.906714284464703,2
2026-03-29 23:30:00+00:00,1984.59,27.48345846821417,1.6197870705241924,-0.0027169229977097534,0.009056200308773956,10.98318498178393,5.83745197064517,1.8815032718067983,2
2026-03-29 23:45:00+00:00,1983.44,28.346585821553255,1.5909975668944796,-0.0031947568250337405,0.20480224667469243,11.432243197370807,5.83745197064517,1.9584303656561455,2
2026-03-30 00:00:00+00:00,1982.56,29.148061221082408,1.4337927418780176,0.00012443374239513546,-0.18764239308064568,11.114225826130037,5.83745197064517,1.9039515668857252,2
2026-03-30 00:15:00+00:00,2006.68,27.607030886096943,1.7257646753917646,0.003098121802035519,2.0828101620212527,13.375352552835032,10.616843780056135,1.2598238073315904,1
2026-03-30 00:30:00+00:00,1997.45,26.176074146467585,1.6558854607656797,-0.0015961222375001794,0.15669913944566266,13.771398799061107,10.616843780056135,1.2971273840282778,1
2026-03-30 00:45:00+00:00,1996.43,24.59642851623172,1.5116203402319912,-0.0018674305175026462,-0.3417339560794502,13.547727456271035,10.616843780056135,1.2760597911142482,0
2026-03-30 01:00:00+00:00,2000.42,23.54792855196889,1.398869434436413,8.181553756662103e-05,-0.36495417889621923,13.357175495108827,10.616843780056135,1.2581117111471902,0
2026-03-30 01:15:00+00:00,2006.6,22.8345229381028,1.3371680215297015,0.0029570540930739446,-0.3450708300879158,13.35880581688676,10.616843780056135,1.2582652710762716,0
2026-03-30 01:30:00+00:00,2009.37,22.294248144245966,1.2233727517520172,0.004068581656455935,-0.45147706030522805,12.968891115680552,10.616843780056135,1.2215392243072056,0
2026-03-30 01:45:00+00:00,2009.62,22.003064988470722,1.1271822331960333,0.0038985115386684322,-0.4813230933690541,12.576827464560514,10.616843780056135,1.1846107680501272,0
2026-03-30 02:00:00+00:00,2017.98,21.97648979422909,1.1061211857866113,0.007576043879018468,-0.3587160336130049,12.521339788520475,10.616843780056135,1.1793843865388656,0
2026-03-30 02:15:00+00:00,2013.54,22.12728975204785,1.0646690551953524,0.005053566717947417,-0.5625385373979708,12.333386946483289,10.616843780056135,1.1616811174759585,0
2026-03-30 02:30:00+00:00,2018.4,21.686980433988005,1.0746930793476446,0.0070418582265022785,-0.3292003110334217,12.393859307448773,10.616843780056135,1.1673770062182494,0
2026-03-30 02:45:00+00:00,2028.88,22.72610426038068,1.2282455345785894,0.008695181188462993,2.030714928788821,13.325726499773864,10.616843780056135,1.2551495318040187,0
2026-03-30 03:00:00+00:00,2028.8,23.691004956316736,1.118609831699765,0.008178261272649884,-0.4522154811274372,12.857460321218587,10.616843780056135,1.2110435631888525,0
2026-03-30 03:15:00+00:00,2036.97,24.889196578329877,1.0906272371027186,0.011788776025433758,-0.5580727602019604,12.764784583988686,10.616843780056135,1.2023144400002836,0
2026-03-30 03:30:00+00:00,2034.74,26.001803084484937,0.9933445379475828,0.01043185643669159,-0.7634805933583256,12.255157113703788,10.616843780056135,1.1543126533259578,1
2026-03-30 03:45:00+00:00,2034.97,27.192748084742558,0.9446924783158956,0.010248323915855189,-0.6374105696838894,11.9362173198678,10.616843780056135,1.1242717296349527,1
2026-03-30 04:00:00+00:00,2043.43,28.639656090960102,0.9751574577425007,0.013600035708633617,0.0017530316861641476,12.001487511305807,10.616843780056135,1.1304195257964276,1
2026-03-30 04:15:00+00:00,2045.99,30.171699259187747,0.9672677241061463,0.01400992086290816,0.029149145731922326,11.893524117641125,10.616843780056135,1.1202504589907643,1
2026-03-30 04:30:00+00:00,2042.95,31.594310772541988,0.9375459134392016,0.012077869524600375,-0.4444419252801025,11.666129537809619,10.616843780056135,1.0988321745606335,1
2026-03-30 04:45:00+00:00,2047.26,32.9153071777995,0.8916328249317022,0.013869689639431755,-0.5450196409075024,11.335691713680358,10.616843780056135,1.0677082519547465,1
2026-03-30 05:00:00+00:00,2052.08,34.56671776456075,0.9136373252377957,0.015256938606830278,0.2724200418900403,11.318142305560327,10.616843780056135,1.066055274056268,1
2026-03-30 05:15:00+00:00,2053.48,36.10017045226762,0.8344122930557547,0.015559530912990463,-0.5114919663781164,10.818274998020284,10.616843780056135,1.0189727966368443,1
2026-03-30 05:30:00+00:00,2049.72,36.93681626728473,0.8252183365284105,0.013330683706800638,-0.39561479985398607,10.607683926733129,10.616843780056135,0.9991372338603859,1
2026-03-30 05:45:00+00:00,2046.82,36.959696481704086,0.8189040745762639,0.01151766049662208,-0.15098508162094398,10.409992217680756,10.616843780056135,0.9805166613863198,1
2026-03-30 06:00:00+00:00,2044.44,36.99329615224701,0.8043629869356992,0.01005553445065258,-0.32897215707452593,10.175707059274997,10.616843780056135,0.9584493536949448,1
2026-03-30 06:15:00+00:00,2044.45,36.70765796416383,0.7400903020420609,0.009807264134306461,-0.29384598556647584,9.717442269326783,10.616843780056135,0.9152854153869262,1
2026-03-30 06:30:00+00:00,2046.33,36.554697381164324,0.6934909897108467,0.010590556827817982,-0.6380322068529144,9.310482107232012,10.616843780056135,0.8769538574846379,1
2026-03-30 06:45:00+00:00,2041.5,35.87269356217558,0.7353504248642937,0.008065861543830335,-0.5751422328482764,9.253304813858312,10.616843780056135,0.8715683309987808,1
2026-03-30 07:00:00+00:00,2046.23,35.23940430168603,0.7547718967867835,0.010223451918159146,-0.46925510057788017,9.136640184296997,10.616843780056135,0.860579695206619,1
2026-03-30 07:15:00+00:00,2043.7,34.65134998837431,0.7175781503369578,0.008892555756187682,-0.7439267053475576,8.80616588541864,10.616843780056135,0.8294523370458861,1
2026-03-30 07:30:00+00:00,2042.84,33.65963173019208,0.7018161797865987,0.008373574555764474,-0.6434359696392286,8.548582607888742,10.616843780056135,0.8051905806457617,1
2026-03-30 07:45:00+00:00,2058.7,34.65049531249459,1.0268311510099988,0.014841824524738666,2.183225955596485,9.738683850182422,10.616843780056135,0.9172861588560485,1
2026-03-30 08:00:00+00:00,2062.16,35.57058292463264,1.0096441188102585,0.015934786425618536,0.7500707724897107,9.691635003740817,10.616843780056135,0.9128546302948026,1
2026-03-30 08:15:00+00:00,2059.14,36.42494999304654,0.9573608195304616,0.014184716710555535,-0.3929138406583717,9.4686610749022,10.616843780056135,0.8918527267669881,1
2026-03-30 08:30:00+00:00,2065.56,37.8245559934179,1.0623408294067813,0.01658106370714885,1.1900499580034773,9.935185283837757,10.616843780056135,0.9357946193482775,1
2026-03-30 08:45:00+00:00,2061.41,39.12419013661988,0.9918961224977898,0.01432260581115442,-0.5975961639975801,9.663386334992213,10.616843780056135,0.9101938895573651,1
2026-03-30 09:00:00+00:00,2058.83,39.72050182626795,0.9027664894423814,0.012843609361534631,-0.48871521515567845,9.262430168207068,10.616843780056135,0.8724278476816859,1
2026-03-30 09:15:00+00:00,2055.53,39.55423002114982,0.8888583532517261,0.010982333252575884,-0.15509720526993565,9.13368515619228,10.616843780056135,0.8603013612529569,1
2026-03-30 09:30:00+00:00,2054.71,39.13710190789447,0.8187344849511385,0.010448457188935306,-0.5702316735713698,8.762707645035693,10.616843780056135,0.825359007494915,1
2026-03-30 09:45:00+00:00,2054.26,38.74976865987165,0.7507663541621993,0.010178940519835004,-1.0242869027006578,8.370371384676,10.616843780056135,0.7884048741867937,1
2026-03-30 10:00:00+00:00,2052.63,37.96787340340707,0.7152475036652113,0.009278627356805182,-0.6114448524269924,8.075344857199127,10.616843780056135,0.7606163398927238,1
2026-03-30 10:15:00+00:00,2053.01,37.47618211257602,0.7104273651865083,0.00937072596129783,-0.5920559491520173,7.8821059388277535,10.616843780056135,0.7424151755566359,1
2026-03-30 10:30:00+00:00,2050.71,35.9603474516736,0.7386168917455176,0.00812612557328635,-0.2439287240245712,7.811955514625778,10.616843780056135,0.7358077105081482,1
2026-03-30 10:45:00+00:00,2057.1,35.084681213370345,0.7802800841326061,0.011147011341324871,-0.39320524329409573,7.811815835009647,10.616843780056135,0.7357945540918889,1
2026-03-30 11:00:00+00:00,2059.68,34.834012911418874,0.7869476025854707,0.012232958056630978,-0.1698580470574069,7.7109718467946795,10.616843780056135,0.7262960637397557,1
2026-03-30 11:15:00+00:00,2065.58,36.20240953832876,1.1702333697454033,0.01398196941917431,3.501285384079029,9.165188143452182,10.616843780056135,0.8632686260929162,1
2026-03-30 11:30:00+00:00,2065.18,37.47306354903079,1.115422154935303,0.013381002086320192,0.5480814471159208,9.074817561777033,10.616843780056135,0.8547566253940916,1
2026-03-30 11:45:00+00:00,2070.4,38.77490521165483,1.115755392332354,0.01565492468499702,0.0013082857947812622,9.187330593078649,10.616843780056135,0.8653542223478089,1
2026-03-30 12:00:00+00:00,2071.54,40.062551968187066,1.0616415880911558,0.015936595937832993,-0.106483909576764,9.051806979287313,10.616843780056135,0.8525892597469729,1
2026-03-30 12:15:00+00:00,2069.99,41.13859933537562,0.9913867586494427,0.015011888108420066,-0.4875397820462382,8.806677909338212,10.616843780056135,0.8295005645540023,1
2026-03-30 12:30:00+00:00,2073.4,42.37713360998918,0.9772033269139278,0.016426711614119325,-0.21491125971334774,8.7504866300998,10.616843780056135,0.8242079106916589,1
2026-03-30 12:45:00+00:00,2073.72,43.52720115070177,0.899055764688759,0.01648022892541495,-0.8029571736467809,8.422594727949804,10.616843780056135,0.7933237883533472,1
2026-03-30 13:00:00+00:00,2072.3,44.27112107180031,0.8705936721908637,0.015592512991314,-0.32262603626201286,8.24812367595339,10.616843780056135,0.776890368439591,1
2026-03-30 13:15:00+00:00,2072.48,45.49138828023281,0.9993243462741181,0.015213359822933398,1.0192582040037663,8.687543413385297,10.616843780056135,0.8182792921663733,1
2026-03-30 13:30:00+00:00,2067.18,45.64234009326572,1.044508960975515,0.01208476705949531,2.0033399627793873,8.890576026714934,10.616843780056135,0.8374029241549155,1
2026-03-30 13:45:00+00:00,2059.96,44.31813141730328,1.1432275988207543,0.008165592934942172,1.985358928836701,9.37910631052101,10.616843780056135,0.8834175678594585,1
2026-03-30 14:00:00+00:00,2067.1,43.088509075338145,1.1657495101705808,0.011451500293350708,0.3176027989518028,9.6141701454838,10.616843780056135,0.9055582190579211,1
2026-03-30 14:15:00+00:00,2052.92,40.902411120097334,1.2570983103185394,0.004355125445924424,0.6858313401032596,10.218872277949238,10.616843780056135,0.9625150835454045,1
2026-03-30 14:30:00+00:00,2048.71,37.98593807784362,1.2866498117470038,0.0021810615901838248,1.9262587791539139,10.618952829524272,10.616843780056135,1.0001986512669705,1
2026-03-30 14:45:00+00:00,2070.52,36.84544524977722,1.4662063867117865,0.012469474897098409,1.8276377855936508,11.951884770272535,10.616843780056135,1.125747446027631,1
2026-03-30 15:00:00+00:00,2065.87,36.026544053224704,1.4135745720505113,0.00989401018986097,0.5656363058541007,12.145321572395915,10.616843780056135,1.1439672490247095,1
2026-03-30 15:15:00+00:00,2066.76,34.852112748351956,1.306474667455424,0.010240725499470126,-0.826363828018891,11.940655745796223,10.616843780056135,1.1246897847575834,1
2026-03-30 15:30:00+00:00,2074.68,34.432536448726296,1.2806670057755876,0.013888354395686356,-0.15482242675146834,12.09918033538223,10.616843780056135,1.1396212081513981,1
2026-03-30 15:45:00+00:00,2073.4,34.04292988478818,1.1788307817944834,0.013123518369800823,-0.7802196298569366,11.78423888285493,10.616843780056135,1.1099568880340653,1
2026-03-30 16:00:00+00:00,2067.77,32.953876880584254,1.108816133480653,0.01024634817162259,-0.6697967278485463,11.552507534079577,10.616843780056135,1.0881301235477439,1
2026-03-30 16:15:00+00:00,2063.01,31.45404401469741,1.0334173491046121,0.007854481946559771,-1.0170698572262686,11.231614138788208,10.616843780056135,1.0579051902305399,1
2026-03-30 16:30:00+00:00,2064.05,29.96724792182884,0.9561102664872485,0.00830025206660058,-0.9868703783301864,10.84507027173192,10.616843780056135,1.0214966421663387,1
2026-03-30 16:45:00+00:00,2065.07,28.163242799337677,0.9463628468627022,0.008723185991426305,-0.6817012374690168,10.736136680893939,10.616843780056135,1.0112361925360434,1
2026-03-30 17:00:00+00:00,2059.02,27.00597874620322,0.992709105191683,0.005689501029351593,-0.5973952172811325,10.900698346544369,10.616843780056135,1.0267362478311546,1
2026-03-30 17:15:00+00:00,2040.26,26.777499900512634,1.2339222094771949,-0.0033754887928517056,3.8526102596636713,12.204934178934064,10.616843780056135,1.1495821575392469,1
2026-03-30 17:30:00+00:00,2045.58,26.565340972371377,1.1809106113967773,-0.0007329922947046263,0.09658453189125393,12.124581737581627,10.616843780056135,1.142013764990853,1
2026-03-30 17:45:00+00:00,2040.67,25.998892446486753,1.128635610041438,-0.00310800864674556,-0.4564066311696731,11.992111613468651,10.616843780056135,1.1295364104345185,1
2026-03-30 18:00:00+00:00,2038.8,25.878520766778905,1.074013009521749,-0.003976672198114361,-0.6082229924969144,11.794817926792321,10.616843780056135,1.1109533276687207,1
2026-03-30 18:15:00+00:00,2034.94,25.9329860035889,1.0669613813884797,-0.005788123097030665,-0.24101863135242307,11.808759503450013,10.616843780056135,1.112266484096988,1
2026-03-30 18:30:00+00:00,2036.15,26.155006701362414,1.057200494782085,-0.005130518107907805,-0.47900802272713155,11.800990967489302,10.616843780056135,1.1115347660721542,1
2026-03-30 18:45:00+00:00,2031.55,26.52667117314871,1.0551330016773783,-0.007294122319484436,-0.37819155599866733,11.8266344698115,10.616843780056135,1.1139501263104175,1
2026-03-30 19:00:00+00:00,2018.21,27.718282225829704,1.1351734850242303,-0.013520566009223663,0.9282303726666916,12.321874864824965,10.616843780056135,1.1605967950636846,1
2026-03-30 19:15:00+00:00,2015.11,28.8721583714444,1.0693393199448573,-0.014837274639928772,-0.13109347366237634,12.063169517337453,10.616843780056135,1.1362293509487498,1
2026-03-30 19:30:00+00:00,2017.35,29.943614792372337,0.9884581763275155,-0.013623225600792021,-0.6470383300293593,11.664371694670495,10.616843780056135,1.098666603400735,1
2026-03-30 19:45:00+00:00,2022.69,30.009476312732215,0.9794328676249383,-0.010864387768823062,-0.09702727334914063,11.585488002194044,10.616843780056135,1.0912365522376357,1
2026-03-30 20:00:00+00:00,2023.99,29.94120373886925,0.8898371800564213,-0.010150147238491645,-0.5858995375014285,11.080810287751612,10.616843780056135,1.0437009828257098,1
2026-03-30 20:15:00+00:00,2024.63,30.042505001307195,0.8290663770864384,-0.009793161924239012,-0.9606572448019749,10.665752410055068,10.616843780056135,1.004606701484184,1
2026-03-30 20:30:00+00:00,2023.63,30.16900072167502,0.7815703986985899,-0.010238820018616425,-0.9497421687993949,10.281770095051149,10.616843780056135,0.9684394258833849,1
2026-03-30 20:45:00+00:00,2022.27,30.22325974369628,0.7201543499578467,-0.010872061535049778,-0.9982718150008164,9.815929373976067,10.616843780056135,0.9245619109904777,1
2026-03-30 21:00:00+00:00,2037.6,28.321765716517486,0.9112111095158006,-0.003280820594942225,0.5194704688442723,10.471934418692063,10.616843780056135,0.986350994291139,1
2026-03-30 21:15:00+00:00,2041.13,27.116654542344342,0.9807973486974023,-0.0015287852311782586,1.1104287838232294,10.738939103071205,10.616843780056135,1.0115001525448106,1
2026-03-30 21:30:00+00:00,2043.01,25.997622737754995,0.9111499060007728,-0.0006064343362297564,-0.8822000348784166,10.374729167137538,10.616843780056135,0.9771952363683252,1
2026-03-30 21:45:00+00:00,2034.82,24.30821890357095,0.9063322429144521,-0.004584110317282954,-0.307668541536951,10.274391369484858,10.616843780056135,0.9677444240806692,0
2026-03-30 22:00:00+00:00,2033.99,22.80472456776542,0.9524351861775381,-0.004959221414663921,-0.44500960110296556,10.419077700235936,10.616843780056135,0.9813724225469246,0
2026-03-30 22:15:00+00:00,2036.1,21.40862268451743,0.9063612092040251,-0.003913586801042079,-1.0151079573926682,10.156286435933369,10.616843780056135,0.9566201261256262,0
2026-03-30 22:30:00+00:00,2034.7,20.11224236435858,0.8148492243689673,-0.004588968966999996,-1.5140201697417874,9.657980261938118,10.616843780056135,0.9096846917989645,0
2026-03-30 22:45:00+00:00,2032.22,19.456431979693978,0.8026056563839365,-0.0057772802801512564,-0.9334207709918114,9.46098167179967,10.616843780056135,0.8911294041617374,0
2026-03-30 23:00:00+00:00,2020.2,20.32694239942785,0.9927401860771058,-0.011415045405712289,2.620528663596667,10.189482980956843,10.616843780056135,0.959746907089083,0
2026-03-30 23:15:00+00:00,2024.04,21.135273503466447,0.9217704305415881,-0.009482225401580375,-0.6701924505554827,9.851662768031357,10.616843780056135,0.9279276376410305,0
2026-03-30 23:30:00+00:00,2025.34,21.55569685420233,0.848377327003481,-0.008807714880711649,-0.7804757692739207,9.460829713171966,10.616843780056135,0.8911150911859743,0
2026-03-30 23:45:00+00:00,2025.69,21.96627562750384,0.7783633254516267,-0.008619992957847492,-1.1194084138913836,9.048627590802544,10.616843780056135,0.8522897933000104,0
2026-03-31 00:00:00+00:00,2020.31,22.936552634009413,0.8587967852836553,-0.00025402187557193684,-0.2492183940788846,9.235154191459513,10.616843780056135,0.8698587247565852,0
2026-03-31 00:15:00+00:00,2025.84,23.837524140050302,0.8902880869980054,0.0017987744351408471,0.7486512345218392,9.274786034926688,11.500360998008757,0.8064778172209186,0
2026-03-31 00:30:00+00:00,2028.92,24.09237294304895,0.8789122239361002,0.0026004611482619154,0.10992858751018786,9.151587032431921,11.500360998008757,0.7957651967635175,0
2026-03-31 00:45:00+00:00,2035.78,22.708712429142192,0.9448365818591637,0.003978428801174777,1.2703859337548256,9.361473672972508,11.500360998008757,0.814015636082503,0
2026-03-31 01:00:00+00:00,2038.66,21.42388480908592,0.9350678733293225,0.004938636161623217,-0.48192009736671093,9.287082696331627,11.500360998008757,0.8075470585610007,0
2026-03-31 01:15:00+00:00,2060.58,21.78737068437875,1.1534556976057,0.01093286677668042,3.652132067011666,10.292291075165076,11.500360998008757,0.8949537390128142,0
2026-03-31 01:30:00+00:00,2072.9,23.73026057113045,1.4440135258232396,0.00904779782519029,6.9063715390216425,12.129984569796141,11.500360998008757,1.0547481572010131,0
2026-03-31 01:45:00+00:00,2072.2,25.53437260882846,1.3129512446161873,0.008184225813745567,-0.23333170123307242,11.828557100524977,11.500360998008757,1.028537895686322,1
2026-03-31 02:00:00+00:00,2074.76,26.991360608204502,1.2366362792180028,0.008983591950348686,-0.29875599639990097,11.71437445048748,11.500360998008757,1.0186092812665426,1
2026-03-31 02:15:00+00:00,2076.95,28.596938211681323,1.1455926721105423,0.009552166137099801,-0.31916086614433214,11.437633418309813,11.500360998008757,0.9945455990720808,1
2026-03-31 02:30:00+00:00,2074.18,29.659592170363517,1.0658692035069264,0.007973597263705319,-0.49671872799593075,11.141373888430572,11.500360998008757,0.9687847094851768,1
2026-03-31 02:45:00+00:00,2072.08,30.646342274854128,0.9972796846981945,0.006718748815588921,-0.4606909244191336,10.838418610685505,11.500360998008757,0.9424415992299837,1
2026-03-31 03:00:00+00:00,2070.84,30.98090868570508,0.9706630485949385,0.005919029569057184,-0.413458613678298,10.693531567065108,11.500360998008757,0.9298431213521603,1
2026-03-31 03:15:00+00:00,2066.06,30.89920307463346,0.9411841852842064,0.0034743922282142827,-0.422143030053132,10.513993597989018,11.500360998008757,0.9142316141040681,1
2026-03-31 03:30:00+00:00,2063.25,30.444585168127414,0.9120451146390189,0.00203035531833481,-0.4016711880928633,10.315136912418374,11.500360998008757,0.8969402711970869,1
2026-03-31 03:45:00+00:00,2065.92,30.022439969228948,0.8633374100807317,0.0032463323498919576,-0.4764254812972681,10.006198561531331,11.500360998008757,0.8700769100434209,1
2026-03-31 04:00:00+00:00,2064.83,29.701828243775207,0.8488312902029913,0.0026187900252628445,-0.352934480870797,9.824327235707667,11.500360998008757,0.8542625085776622,1
2026-03-31 04:15:00+00:00,2059.66,28.611454665872852,0.9592779678391449,5.071272375604936e-05,-0.16592851538737863,10.216161004585686,11.500360998008757,0.8883339406784339,1
2026-03-31 04:30:00+00:00,2060.7,27.5841821451348,0.9016601912704021,0.0005558448387942489,-0.4493341450906461,9.909292361401,11.500360998008757,0.8616505484581533,1
2026-03-31 04:45:00+00:00,2059.91,27.03926133580091,0.8749512979662448,0.00015270593758118085,-0.4848827244593029,9.707200049872352,11.500360998008757,0.8440778556041081,1
2026-03-31 05:00:00+00:00,2055.59,25.848662821526275,0.8836401167440617,-0.0019221219740671288,-0.4499371288736008,9.648114332024335,11.500360998008757,0.8389401283746544,1
2026-03-31 05:15:00+00:00,2063.73,24.973797493887666,0.9285928378461232,0.00201151997898709,-0.2930029387725246,9.76324902259404,11.500360998008757,0.8489515263290004,0
2026-03-31 05:30:00+00:00,2064.36,24.378320319033595,0.8643517269002118,0.002275984864709615,-0.4870233386838818,9.420159806694436,11.500360998008757,0.8191186179569059,0
2026-03-31 05:45:00+00:00,2063.39,23.978743822694483,0.8369926535970061,0.0017640036271966458,-0.4693679736533842,9.200862677644826,11.500360998008757,0.8000499009759711,0
2026-03-31 06:00:00+00:00,2057.95,22.88017846251736,0.8220136619544159,-0.0008771162671894832,-0.3919017424175412,9.020086772098772,11.500360998008757,0.7843307504573608,0
2026-03-31 06:15:00+00:00,2056.46,21.395837198094654,0.7917870907775783,-0.0015637377171507107,-0.2649557673735946,8.770794859805985,11.500360998008757,0.7626538733283776,0
2026-03-31 06:30:00+00:00,2057.64,19.987181840250646,0.7702126257477966,-0.0009679015139319278,-0.32964547734529426,8.54359522696268,11.500360998008757,0.7428980036750125,0
2026-03-31 06:45:00+00:00,2061.29,19.0736892854046,0.7368916578147264,0.0007997951233590381,-1.7669977016965233,8.264052710751066,11.500360998008757,0.7185907218201198,0
2026-03-31 07:00:00+00:00,2050.38,18.516419315930758,0.8814762054010025,-0.004404960426649134,1.89941321030247,8.671620374268834,11.500360998008757,0.754030275725283,0
2026-03-31 07:15:00+00:00,2049.29,18.768471419104586,0.9281610349850449,-0.004573598467751093,8.110157926748471,8.795076061821065,11.500360998008757,0.7647652159218218,0
2026-03-31 07:30:00+00:00,2052.0,18.65064311169783,0.8925084164154491,-0.003179603898760227,0.014145687283420605,8.60828491454812,11.500360998008757,0.7485230173242919,0
2026-03-31 07:45:00+00:00,2055.0,18.06132892414725,0.8407733578500497,-0.0016899591389324831,-0.3660777703767029,8.336978849223282,11.500360998008757,0.7249319261079541,0
2026-03-31 08:00:00+00:00,2052.97,17.68965819429263,0.8496085652221185,-0.002633037135279345,-0.10047035055890469,8.275766074278764,11.500360998008757,0.7196092431978162,0
2026-03-31 08:15:00+00:00,2053.35,17.239020344064453,0.8564489279495273,-0.0024269942707671795,-0.903864515000458,8.2139256404017,11.500360998008757,0.7142319829633095,0
2026-03-31 08:30:00+00:00,2040.08,18.250206781645293,1.0110145711101928,-0.008565249939205913,2.6472330544154072,8.762930951801568,11.500360998008757,0.7619700767061864,0
2026-03-31 08:45:00+00:00,2038.89,19.45098136244171,1.0098961091725194,-0.008836224832038797,1.3766875731072103,8.784150169530024,11.500360998008757,0.7638151681543706,0
2026-03-31 09:00:00+00:00,2036.63,20.837096109349822,1.0669491012686472,-0.009559484810728252,1.8357143200385917,9.058139443135016,11.500360998008757,0.7876395745058261,0
2026-03-31 09:15:00+00:00,2025.32,22.761900371957157,1.1606019426050544,-0.014302596260718088,3.4200326446239546,9.56112948291108,11.500360998008757,0.8313764658836842,0
2026-03-31 09:30:00+00:00,2029.64,24.549218615806826,1.111573384085918,-0.01181744977892172,0.7311658008864016,9.478905948417436,11.500360998008757,0.824226817754562,0
2026-03-31 09:45:00+00:00,2017.28,26.880564264723084,1.221314691623192,-0.016869502339002616,3.081804021546496,10.121126952101907,11.500360998008757,0.8800703694305196,1
2026-03-31 10:00:00+00:00,2023.83,29.04538522443104,1.1577186530078463,-0.013278658550071938,0.37139228052581946,10.010332169808926,11.500360998008757,0.8704363429584668,1
2026-03-31 10:15:00+00:00,2024.89,30.446359457265476,1.0560731930380467,-0.012566962253501776,-0.4631425470982112,9.663879871965436,11.500360998008757,0.8403110018580026,1
2026-03-31 10:30:00+00:00,2022.68,31.91528879437466,0.9974450925948702,-0.013477744041563938,-0.6596825755719734,9.443602738253631,11.500360998008757,0.8211570697553541,1
2026-03-31 10:45:00+00:00,2025.26,32.74549985921912,0.959644539854882,-0.012052621730574435,-0.5554647845706431,9.27477397123551,11.500360998008757,0.8064767682372233,1
2026-03-31 11:00:00+00:00,2032.5,32.552235840927075,1.029124460824605,-0.008193842794850437,0.9299458317717363,9.55586154471869,11.500360998008757,0.8309183986809849,1
2026-03-31 11:15:00+00:00,2036.56,31.355307224708508,1.0434541514645899,-0.00591042180979883,2.1571696843196473,9.647585720095938,11.500360998008757,0.8388941635628986,1
2026-03-31 11:30:00+00:00,2041.52,29.98091876782664,1.0182402282631424,-0.0034164273107024712,-0.3826779765849126,9.568472454374797,11.500360998008757,0.8320149650981862,1
2026-03-31 11:45:00+00:00,2040.23,28.704700915007763,0.9502324551408381,-0.00399630480718279,-0.8890365784287214,9.279295850490882,11.500360998008757,0.8068699627861731,1
2026-03-31 12:00:00+00:00,2036.55,26.737287000034403,0.9926782002838044,-0.005697952962921874,0.01859802074448862,9.428631861170096,11.500360998008757,0.8198552952209611,1
2026-03-31 12:15:00+00:00,2050.55,25.39065715454507,1.1294486875739194,0.0011749406647861048,0.580155604980365,10.066586728229368,11.500360998008757,0.8753278901394798,1
2026-03-31 12:30:00+00:00,2055.43,24.69362210937345,1.096280100532468,0.0034918016386860555,0.3470002372544425,10.018973390498704,11.500360998008757,0.8711877298663452,0
2026-03-31 12:45:00+00:00,2046.78,23.432367726039356,1.1310625015051838,-0.0007425358398833832,0.743134482300591,10.27404671974879,11.500360998008757,0.8933673231238308,0
2026-03-31 13:00:00+00:00,2059.03,22.57900295599529,1.1461755061912946,0.005173912483958784,-0.2672101178442326,10.466614811195308,11.500360998008757,0.9101118489243566,0
2026-03-31 13:15:00+00:00,2057.24,22.284394441032763,1.104554508201501,0.004217280255354701,-0.557028283590489,10.385428038967067,11.500360998008757,0.9030523512057808,0
2026-03-31 13:30:00+00:00,2062.0,22.43649532100393,1.1117991201592166,0.006353539978643865,0.6508026897637081,10.5107546076123,11.500360998008757,0.9139499716080388,0
2026-03-31 13:45:00+00:00,2074.36,23.480007022133222,1.1868161206232828,0.011922964892200478,2.2127292770792337,10.999986421354288,11.500360998008757,0.9564905330588225,0
2026-03-31 14:00:00+00:00,2078.41,24.896604637409844,1.2568018520077575,0.013226035661213153,3.0488067983742293,11.565701676971845,11.500360998008757,1.0056816198182301,0
2026-03-31 14:15:00+00:00,2085.61,26.541688121577828,1.236404499501935,0.01584952251122615,2.9223156212113692,11.703865842902427,11.500360998008757,1.017695517986688,1
2026-03-31 14:30:00+00:00,2067.62,25.928380789228434,1.3608990436803017,0.006742995813007506,1.1802010833363021,12.701446854123688,11.500360998008757,1.104438969900414,1
2026-03-31 14:45:00+00:00,2045.2,24.994621726734863,1.494893549878372,-0.004032154820984188,4.355560637527382,14.039200650257715,11.500360998008757,1.2207617354523521,0
2026-03-31 15:00:00+00:00,2074.71,23.35960530115647,1.5833711470283438,0.010031506877847176,1.927909246193135,15.379257746667893,11.500360998008757,1.3372847816977877,0
2026-03-31 15:15:00+00:00,2059.47,21.84137576311939,1.5102539590983228,0.0024731496456032636,0.2986129285585609,15.616453621905888,11.500360998008757,1.3579098625347341,0
2026-03-31 15:30:00+00:00,2058.25,20.588127237368276,1.3819647340991892,0.0018187122614931068,-0.11315372228212381,15.305992648912609,11.500360998008757,1.3309141036149024,0
2026-03-31 15:45:00+00:00,2053.66,19.675996012450998,1.2874540177528087,-0.0004277585717745512,-0.8409737488154768,15.076278888276004,11.500360998008757,1.3109396210159319,0
2026-03-31 16:00:00+00:00,2063.28,18.6890919224328,1.2166008140540518,0.004217749087215266,-0.8085026327491853,14.894401824827732,11.500360998008757,1.2951247206419554,0
2026-03-31 16:15:00+00:00,2065.33,17.366450941497902,1.127633796668751,0.005169268722517003,-1.0041932842935632,14.502658837340027,11.500360998008757,1.2610611823273292,0
2026-03-31 16:30:00+00:00,2093.18,18.532947214647447,1.42693559859018,0.017580254611906737,3.619527917530582,16.88461177753005,11.500360998008757,1.4681810232264496,0
2026-03-31 16:45:00+00:00,2090.41,19.616122325429167,1.3709632865818653,0.015515922148945347,1.0734443744264606,17.01499665056362,11.500360998008757,1.4795184823771794,0
2026-03-31 17:00:00+00:00,2113.42,21.204024144904587,1.4085756370952063,0.02575605380310885,0.9953288164974081,17.856782604094803,11.500360998008757,1.552714963224775,2
2026-03-31 17:15:00+00:00,2107.05,22.984822306695165,1.3442595285588705,0.021638409449509212,0.9896524378968918,17.884155275230906,11.500360998008757,1.5550951207816415,2
2026-03-31 17:30:00+00:00,2098.45,23.481666627332842,1.3070726977681102,0.016973406354472805,0.04601512036006583,18.038858469857285,11.500360998008757,1.5685471502138624,2
2026-03-31 17:45:00+00:00,2092.52,23.585784816332335,1.218018388650813,0.013842312182258357,-0.5567433960550187,17.690368579153184,11.500360998008757,1.5382446326872872,2
2026-03-31 18:00:00+00:00,2106.95,23.944582576516353,1.16534731216778,0.020553081598241988,-0.6847236712214045,17.51391368064226,11.500360998008757,1.522901210116337,2
2026-03-31 18:15:00+00:00,2101.47,24.609891792972995,1.1578942648380395,0.017648874907850966,-0.8372671016498335,17.62934841773925,11.500360998008757,1.5329386982540552,2
2026-03-31 18:30:00+00:00,2099.39,25.227678922539877,1.0560729130945505,0.01654633975327526,-1.403598040118312,16.98082353075789,11.500360998008757,1.4765470000200909,1
2026-03-31 18:45:00+00:00,2098.86,25.668404388721275,0.9660441333459929,0.016216175070029547,-1.3968175308155233,16.31576470713233,11.500360998008757,1.4187176132955603,1
2026-03-31 19:00:00+00:00,2100.89,26.079323872296765,0.88252112847962,0.01712066368875062,-1.262857981843694,15.61749579948002,11.500360998008757,1.3580004838269102,1
2026-03-31 19:15:00+00:00,2097.24,26.29684658949806,0.8294894836651756,0.015269069297933624,-1.0995834795840722,15.059817528088587,11.500360998008757,1.309508243323504,1
2026-03-31 19:30:00+00:00,2095.31,25.983464087007476,0.7955810591256943,0.014240421900882564,-0.9083102323814113,14.589830561796546,11.500360998008757,1.2686410943380577,1
2026-03-31 19:45:00+00:00,2095.68,25.692466048980506,0.7581050457451011,0.014343211081026316,-0.9190677279662425,14.079842664525351,11.500360998008757,1.2242957127139942,1
2026-03-31 20:00:00+00:00,2104.87,25.913131629601764,0.7669335365138571,0.018670604547145357,-0.7344840570892662,13.833425331344946,11.500360998008757,1.2028687911396998,1
2026-03-31 20:15:00+00:00,2102.71,26.13149041508669,0.7114554233722812,0.01755707135002997,-0.8738122838960387,13.221752093391736,11.500360998008757,1.1496814835361282,1
2026-03-31 20:30:00+00:00,2103.52,26.455275203726128,0.6926846431012945,0.017894070642500398,-0.8584359259677937,12.794484086720882,11.500360998008757,1.1125289100869267,1
2026-03-31 20:45:00+00:00,2106.6,26.902859849908875,0.6836005379083648,0.01933177450262299,-0.8192432942892611,12.420592366240815,11.500360998008757,1.080017607133497,1
2026-03-31 21:00:00+00:00,2096.49,26.21122143971198,0.7447559251996231,0.014362658876396267,-0.642148183508899,12.441264340080759,11.500360998008757,1.081815113650338,1
2026-03-31 21:15:00+00:00,2099.16,25.303566534396033,0.7340148424843371,0.015611415774136897,-0.757262556720458,12.124031172932133,11.500360998008757,1.0542304867674468,1
2026-03-31 21:30:00+00:00,2100.13,24.757595362469285,0.6837792273005113,0.016038514213924125,-0.7634770398962097,11.597314660579837,11.500360998008757,1.008430488624476,0
2026-03-31 21:45:00+00:00,2101.5,24.786781530564284,0.727730728370421,0.016616770303194518,-0.5673594426864826,11.539649327681275,11.500360998008757,1.003416269252706,0
2026-03-31 22:00:00+00:00,2098.93,24.082010777986774,0.7639519413096708,0.015308810890411337,-0.5505228608231173,11.48610294713261,11.500360998008757,0.9987602084074911,0
2026-03-31 22:15:00+00:00,2095.71,23.427580793450517,0.7223643665280471,0.013715102089836855,-0.706459216422696,11.061381308051706,11.500360998008757,0.9618290512764722,0
2026-03-31 22:30:00+00:00,2096.38,21.77051020870526,0.7837124650742167,0.01392897871315331,0.3613890252650204,11.14199692890516,11.500360998008757,0.9688388852171121,0
2026-03-31 22:45:00+00:00,2095.7,20.231801808584667,0.7195924959329411,0.013562774432831487,-0.8111688227027913,10.636854291126232,11.500360998008757,0.9249148172799064,0
2026-03-31 23:00:00+00:00,2095.8,19.118621895891913,0.7194178002788806,0.013564004054339118,-0.5705848535072269,10.4120789846172,11.500360998008757,0.9053697519947427,0
2026-03-31 23:15:00+00:00,2099.54,18.77777290853939,0.7783491425990656,0.015285648066629,0.4079304653361171,10.48264477143023,11.500360998008757,0.9115057147549768,0
2026-03-31 23:30:00+00:00,2103.81,18.461270277426333,0.7428926956240666,0.017298191550571846,-0.7873601727476884,10.142455859185233,11.500360998008757,0.8819249987840695,0
2026-03-31 23:45:00+00:00,2104.49,18.51071569486096,0.7496065304289388,0.0175405598109072,0.45715932320624836,9.984423297814848,11.500360998008757,0.8681834682879618,0
2026-04-01 00:00:00+00:00,2101.47,18.42719681180223,0.7381780737446784,-0.0003424999643230415,0.5139781306418427,9.751250205113774,11.500360998008757,0.8479081836476408,0
2026-04-01 00:15:00+00:00,2100.44,17.844788766975224,0.7924304038131078,-0.0005858516435565353,0.012387193550647203,9.819732333319935,10.352629633709912,0.9485254163198524,0
2026-04-01 00:30:00+00:00,2102.65,17.236862483689883,0.7801110769910723,0.000612674044191543,-0.9863254074626512,9.621894309511383,10.352629633709912,0.9294154866876401,0
2026-04-01 00:45:00+00:00,2113.91,18.25401837752439,0.9351161255309381,0.0038410716615122913,5.20483862640244,10.217473287403429,10.352629633709912,0.9869447327791587,0
2026-04-01 01:00:00+00:00,2106.24,19.198520278942144,0.9589164766514967,-4.954833693421169e-06,0.3392688194725482,10.313368052588896,10.352629633709912,0.9962075740647407,0
2026-04-01 01:15:00+00:00,2098.66,19.268378707832927,0.9229498289448722,-0.0032943546127269926,-0.02713817926448386,10.128127477403961,10.352629633709912,0.9783144800645689,0
2026-04-01 01:30:00+00:00,2095.84,18.14410858911909,0.9501494413146521,-0.0038749132868059824,0.939038048248114,10.226118371875106,10.352629633709912,0.9877797944762882,0
2026-04-01 01:45:00+00:00,2092.01,17.100143478884814,0.8860783756985038,-0.005298943901943966,-0.5186187474462677,9.897109916741163,10.352629633709912,0.9559996123607573,0
2026-04-01 02:00:00+00:00,2091.71,16.107212334333322,0.8744862607435382,-0.004984480371117686,-0.30211325521152527,9.773030636973928,10.352629633709912,0.9440143212649363,0
2026-04-01 02:15:00+00:00,2084.62,15.905336411521112,0.9556999118352623,-0.0072239515280486605,1.900538249904559,10.086385591475779,10.352629633709912,0.9742824720236105,0
2026-04-01 02:30:00+00:00,2087.24,15.717880197481204,0.9387491435833726,-0.005454494857838758,0.04767079610702722,9.991643763513206,10.352629633709912,0.9651309973437788,0
2026-04-01 02:45:00+00:00,2087.58,15.450824966935693,0.878121852941186,-0.00504358837925651,-0.7958733262453515,9.675812066119416,10.352629633709912,0.9346236085383889,0
2026-04-01 03:00:00+00:00,2100.3,15.495815035022181,1.0327140906262686,0.0010164243497468063,2.134064455611456,10.35325406139659,10.352629633709912,1.0000603158529544,0
2026-04-01 03:15:00+00:00,2097.65,15.537591526816778,0.9622635317034398,-0.00025011197377819444,-0.6027809925098949,10.054450199868269,10.352629633709912,0.9711977106888167,0
2026-04-01 03:30:00+00:00,2099.75,15.42209454195481,0.9077180842430884,0.00074785826896188,-0.9982197070463681,9.781989471306266,10.352629633709912,0.9448796892583171,0
2026-04-01 03:45:00+00:00,2101.87,15.876766977585973,0.8693670732095193,0.0016556458686914802,-0.28817155327603483,9.548275937641549,10.352629633709912,0.922304407234926,0
2026-04-01 04:00:00+00:00,2100.86,16.24841262694467,0.8188748773967552,0.0011237349303537165,-0.8185874802866732,9.2376847992386,10.352629633709912,0.8923032240194451,0
2026-04-01 04:15:00+00:00,2109.21,17.165133195177944,0.8645255618370952,0.004830563488690365,0.7478328846934429,9.319278742150104,10.352629633709912,0.9001846943123472,0
2026-04-01 04:30:00+00:00,2108.76,18.138064141225172,0.804570324268096,0.00440527627222515,-0.27134962970283943,8.972901689139368,10.352629633709912,0.8667268130526068,0
2026-04-01 04:45:00+00:00,2110.39,19.45795766246568,0.8130785207218592,0.004882065891337294,0.13029553568731336,8.883408711343717,10.352629633709912,0.8580823448390192,0
2026-04-01 05:00:00+00:00,2112.84,20.174157580779266,0.8462703958310828,0.005811414596834891,-0.06590468250016944,8.906736660533454,10.352629633709912,0.8603356804663054,0
2026-04-01 05:15:00+00:00,2126.54,22.369755838758064,1.1008577423408081,0.010162402917484594,8.068431034146489,9.98768404192392,10.352629633709912,0.9647485127259197,0
2026-04-01 05:30:00+00:00,2124.6,24.408525649738376,1.05261936153662,0.00866644295417647,0.38878110077937056,9.8628494675008,10.352629633709912,0.9526902648372251,0
2026-04-01 05:45:00+00:00,2121.65,26.143924448231655,0.9785348946525153,0.006999438973037087,-0.34312325725843407,9.575503076965038,10.352629633709912,0.9249343805158046,1
2026-04-01 06:00:00+00:00,2137.23,28.56465599937625,1.1537071713966276,0.012867677009912318,2.703813413460661,10.442967142896093,10.352629633709912,1.0087260447231714,1
2026-04-01 06:15:00+00:00,2143.0,30.851797673466173,1.11935812533176,0.014411362847195285,1.3772760506089556,10.42561234697493,10.352629633709912,1.0070496787625218,1
2026-04-01 06:30:00+00:00,2154.1,33.38129087120802,1.1512547127740886,0.017905389376763597,2.0623691015102588,10.719497179333862,10.352629633709912,1.0354371361291017,1
2026-04-01 06:45:00+00:00,2150.27,35.78256223155805,1.1220371155425608,0.0151467320396212,0.6261754709717166,10.720247380810017,10.352629633709912,1.0355096009523106,1
2026-04-01 07:00:00+00:00,2148.76,38.06596504874349,1.0939850607702044,0.0134949461639814,0.7436659198442921,10.696658282180723,10.352629633709912,1.0332310399041607,1
2026-04-01 07:15:00+00:00,2138.46,38.402000779375605,1.0970887645874974,0.008057054689127744,0.7368747422212912,10.807611262024958,10.352629633709912,1.043948411602937,1
2026-04-01 07:30:00+00:00,2138.93,38.68247929912067,0.9913431269433627,0.008077122824316952,-0.49566769185009857,10.362067600451757,10.352629633709912,1.0009116492210939,1
2026-04-01 07:45:00+00:00,2130.13,37.87073914508174,0.9912469189064377,0.003720025241834435,0.14675363566048943,10.356919914705202,10.352629633709912,1.0004144146122373,1
2026-04-01 08:00:00+00:00,2125.57,36.509823824842094,1.0079400256908124,0.001444961309134485,0.2454102883514546,10.43499706365485,10.352629633709912,1.007956184356942,1
2026-04-01 08:15:00+00:00,2135.44,35.29382737629565,1.0189999833590124,0.005918405197645888,0.1357268279770923,10.500354416250927,10.352629633709912,1.0142693004355143,1
2026-04-01 08:30:00+00:00,2139.19,34.65499269819282,0.9835239580741304,0.007507613710305882,-0.5098058605124945,10.343186243661556,10.352629633709912,0.9990878269210359,1
2026-04-01 08:45:00+00:00,2136.02,33.77368695393873,0.9955429299158842,0.005855070875970382,-0.5006184132457908,10.390101511971446,10.352629633709912,1.0036195517068938,1
2026-04-01 09:00:00+00:00,2132.77,32.77367280646155,0.9757467932083113,0.004239438197076633,-0.9109275266162107,10.290808546830629,10.352629633709912,0.9940284653207353,1
2026-04-01 09:15:00+00:00,2132.83,31.352215965938456,0.9374902246660078,0.004194269898778998,-0.7572087645840518,10.08717936491416,10.352629633709912,0.9743591456289135,1
2026-04-01 09:30:00+00:00,2129.67,30.194089561186562,0.9237874185531839,0.002657300203565065,-1.025708631661981,9.971666553134563,10.352629633709912,0.9632013223640428,1
2026-04-01 09:45:00+00:00,2135.49,29.287031377479163,0.9047455191474958,0.005326047912092652,-1.0043163895889573,9.822261799339213,10.352629633709912,0.9487697470946191,1
2026-04-01 10:00:00+00:00,2130.16,28.44476306403658,0.8755691072467614,0.0027782170641255737,-1.2422010983252985,9.614957385100704,10.352629633709912,0.9287454226888189,1
2026-04-01 10:15:00+00:00,2129.88,27.542663600704145,0.8190286129229739,0.0026158009794026134,-1.2283523382726014,9.271746143307793,10.352629633709912,0.895593339214746,1
2026-04-01 10:30:00+00:00,2130.32,25.991277780747854,0.8108317811274366,0.0027948412429943904,-1.048493271607854,9.104478561642939,10.352629633709912,0.8794363252402286,1
2026-04-01 10:45:00+00:00,2131.58,25.01144498757311,0.8272260152433607,0.00335661582780988,-1.1452426524043429,9.039158664382734,10.352629633709912,0.8731268271154708,1
2026-04-01 11:00:00+00:00,2136.51,24.56826428357885,0.862017387912785,0.005607434609891274,-0.8221356698903115,9.06636161692683,10.352629633709912,0.8757544641030357,0
2026-04-01 11:15:00+00:00,2133.03,24.156739344155607,0.8293368168386582,0.003910925615007971,-0.7546911424824915,8.835192930003512,10.352629633709912,0.853424998537051,0
2026-04-01 11:30:00+00:00,2134.95,23.774609043262597,0.7863701230716826,0.004779772424056977,-1.1089270646118217,8.546964863574702,10.352629633709912,0.8255839497768123,0
2026-04-01 11:45:00+00:00,2134.18,23.419773763861944,0.7231024834725178,0.00438048780555646,-1.1013697136834213,8.163610230462213,10.352629633709912,0.7885542629555797,0
2026-04-01 12:00:00+00:00,2133.43,22.118069223803655,0.7584898898779737,0.003975100531977648,-0.3708592279480675,8.126209499714935,10.352629633709912,0.7849415836585735,0
2026-04-01 12:15:00+00:00,2131.92,20.909343579463815,0.7457123793315952,0.00323807556528595,-1.0754293178663124,7.932194535449573,10.352629633709912,0.7662009379357112,0
2026-04-01 12:30:00+00:00,2141.01,21.692040269679715,1.1342920208446707,0.007233760550544829,4.780025291543681,9.403466354346014,10.352629633709912,0.9083166970183825,0
2026-04-01 12:45:00+00:00,2129.89,22.41883005345162,1.2167078434320973,0.0018435729628715305,2.882082910567107,9.943218757606983,10.352629633709912,0.9604534412426176,0
2026-04-01 13:00:00+00:00,2126.53,20.904056219881145,1.292474214919895,0.000350591089997755,4.6119461680358755,10.558703132063656,10.352629633709912,1.0199054255435482,0
2026-04-01 13:15:00+00:00,2132.21,19.713373708739013,1.1919221604111716,0.0029710817370229986,0.2987249107928874,10.320224336916237,10.352629633709912,0.996869848730205,0
2026-04-01 13:30:00+00:00,2115.37,20.02070160880234,1.367887503771523,-0.00480801137036876,1.9250025255268357,11.489494027136477,10.352629633709912,1.109814069820941,0
2026-04-01 13:45:00+00:00,2118.58,20.306077516004002,1.3348449805055356,-0.0031891036400372792,0.8517184350130388,11.691673025198137,10.352629633709912,1.1293433107205992,0
2026-04-01 14:00:00+00:00,2120.8,20.571069429834115,1.255726115458729,-0.002097468693559578,-0.12798611285194977,11.582267809112546,10.352629633709912,1.1187754434292447,0
2026-04-01 14:15:00+00:00,2124.48,20.137736847590944,1.1659210303881586,-0.00035672824239449164,-0.197734858326902,11.33139153703309,10.352629633709912,1.0945423470126048,0
2026-04-01 14:30:00+00:00,2120.43,20.266992824356485,1.182208968943889,-0.00222166732610735,0.2958104965826987,11.57843499867358,10.352629633709912,1.118405217643664,0
2026-04-01 14:45:00+00:00,2125.97,20.25987723459059,1.1482188348915916,0.00038778013325171533,-0.20581044650325572,11.560689641625462,10.352629633709912,1.1166911258934544,0
2026-04-01 15:00:00+00:00,2123.74,20.132763780771256,1.0790361340039942,-0.0006640105329846515,-0.43871529694856265,11.315640381509366,10.352629633709912,1.0930208827971328,0
2026-04-01 15:15:00+00:00,2130.47,18.984377790679023,1.1370704563623895,0.0024616989927976696,0.12211548645896916,11.69809463997299,10.352629633709912,1.1299635989953718,0
2026-04-01 15:30:00+00:00,2130.79,17.918019371307665,1.040517466096641,0.00258178831716739,-0.48739453464317956,11.29180216568922,10.352629633709912,1.0907182585689343,0
2026-04-01 15:45:00+00:00,2133.93,16.75462017547869,0.9653815235755364,0.0040189389865874555,-0.5988141805096518,10.92453058242571,10.352629633709912,1.0552420949024963,0
2026-04-01 16:00:00+00:00,2125.93,16.362820334751184,0.9784205434004833,0.0002354730963734478,-0.2174760501158252,10.944921255109591,10.352629633709912,1.0572117077839893,0
2026-04-01 16:15:00+00:00,2135.16,15.393192293807001,1.0336285418532078,0.0045296311067164995,-0.34145134334822297,11.198855451173191,10.352629633709912,1.0817401807467182,0
2026-04-01 16:30:00+00:00,2149.06,15.549815084133476,1.1540164655709537,0.010802592979478347,1.0381662008116745,11.883937204660818,10.352629633709912,1.1479148414587064,0
2026-04-01 16:45:00+00:00,2144.99,15.695250532293773,1.058448154181823,0.008775770305750793,-0.5578780922468383,11.493655975756479,10.352629633709912,1.1102160883193573,0
2026-04-01 17:00:00+00:00,2151.58,17.23038137349646,1.1894456570331091,0.011223291745948516,2.805678858940062,12.287680548916708,10.352629633709912,1.186913951688752,0
2026-04-01 17:15:00+00:00,2140.76,17.920656795650597,1.2081779551667773,0.005965261569208853,0.11344872824182616,12.593560509708352,10.352629633709912,1.2164600642817929,0
2026-04-01 17:30:00+00:00,2139.28,17.758954238190785,1.1679852217042566,0.005189125717597087,-0.3396648766219923,12.56187761615773,10.352629633709912,1.2133996926977986,0
2026-04-01 17:45:00+00:00,2135.86,17.608801863406676,1.0751604717347962,0.003554242540289364,-1.0272555258052258,12.176029215003597,10.352629633709912,1.1761291233056757,0
2026-04-01 18:00:00+00:00,2130.01,16.370922936682312,1.0948732413344269,0.0007938212816330758,0.002544483287308759,12.349884271074778,10.352629633709912,1.1929224465696588,0
2026-04-01 18:15:00+00:00,2126.58,15.221463933295404,1.0243854428185244,-0.0008150136146085325,-0.9320074002094976,12.02489253742656,10.352629633709912,1.1615302549094848,0
2026-04-01 18:30:00+00:00,2131.09,14.390485757160691,0.9998772028002864,0.0012967851785913743,-0.7268023860307874,11.893828784753238,10.352629633709912,1.1488703069242352,0
2026-04-01 18:45:00+00:00,2128.12,13.618863165035599,0.937352752370109,-9.8224212807174e-05,-0.9357858932144761,11.53641244298514,10.352629633709912,1.1143460986395797,0
2026-04-01 19:00:00+00:00,2129.81,13.112030963135933,0.8756778913102128,0.000691433946606167,-1.0440739571912852,11.140240125629044,10.352629633709912,1.0760783027873941,0
2026-04-01 19:15:00+00:00,2140.97,13.475408250123861,0.9490403146785557,0.005910031070959862,-0.7844476446661465,11.393080116655561,10.352629633709912,1.1005010823103114,0
2026-04-01 19:30:00+00:00,2137.81,13.860518341442146,0.9195441212698797,0.004387565666763326,-0.520353615047724,11.179288679751599,10.352629633709912,1.0798501516320014,0
2026-04-01 19:45:00+00:00,2140.24,14.418828173451534,0.8733539858997289,0.005480996186495149,-0.47050639509662157,10.860768059769327,10.352629633709912,1.049083029533369,0
2026-04-01 20:00:00+00:00,2135.51,13.799147008558705,0.9308182319392221,0.003223446278789266,-0.2128683992961297,11.03071319835725,10.352629633709912,1.0654986789481373,0
2026-04-01 20:15:00+00:00,2132.76,13.223728784015366,0.8809009309203444,0.0019216452813764781,-1.0240834635294533,10.70994796990319,10.352629633709912,1.034514741552213,0
2026-04-01 20:30:00+00:00,2140.0,12.35171840340037,0.9063473497613725,0.005304138952068089,-0.7875423350208677,10.72709454348152,10.352629633709912,1.036170994522231,0
2026-04-01 20:45:00+00:00,2142.46,12.285787080128813,0.8728456878248169,0.006424390584877133,-0.7084920842665415,10.476587790375717,10.352629633709912,1.011973591353271,0
2026-04-01 21:00:00+00:00,2150.3,13.024689321485829,0.9282336253759136,0.010010402440496887,-0.13380304575690743,10.638260091063183,10.352629633709912,1.0275901357876467,0
2026-04-01 21:15:00+00:00,2154.51,14.161867730403111,0.9453589057981846,0.011893196423540647,-0.3738388883637013,10.6612415131301,10.352629633709912,1.0298099990378577,0
2026-04-01 21:30:00+00:00,2155.04,15.217819110112018,0.8605031189048239,0.012068840718358157,-0.5821776409752306,10.199724262192257,10.352629633709912,0.9852302867070827,0
2026-04-01 21:45:00+00:00,2155.57,16.755886982889574,0.9404556590286529,0.012132217807951066,0.5193372443372742,10.471172529178524,10.352629633709912,1.0114505106106197,0
2026-04-01 22:00:00+00:00,2149.58,17.53152161877599,0.9591856733937005,0.009209125296366964,0.09846110213289876,10.516088777094371,10.352629633709912,1.0157891423887326,0
2026-04-01 22:15:00+00:00,2146.08,17.45295913551028,0.9390710716026326,0.0074682074947144345,1.1798072900254257,10.384939578730476,10.352629633709912,1.003120940878186,0
2026-04-01 22:30:00+00:00,2144.29,17.38000825819212,0.8864879051036351,0.0065804280781543096,-0.3553587513579361,10.083158180249717,10.352629633709912,0.9739707240580934,0
2026-04-01 22:45:00+00:00,2138.74,16.550236884018545,0.8870485680862027,0.00393906607912901,-0.017981135731369988,9.995789738803317,10.352629633709912,0.9655314729173096,0
2026-04-01 23:00:00+00:00,2140.6,15.77973489371451,0.8627457831149101,0.004788272698403909,-0.9585105504706992,9.795376186031657,10.352629633709912,0.9461727631148183,0
2026-04-01 23:15:00+00:00,2139.17,15.013117281711105,0.8002037898923637,0.004103134780535145,-1.4467099213912171,9.411420744172258,10.352629633709912,0.9090850418841491,0
2026-04-01 23:30:00+00:00,2141.03,14.088794957971029,0.8262877762008431,0.004951388211907374,-0.39082520816093425,9.379176405302813,10.352629633709912,0.9059704381544404,0
2026-04-01 23:45:00+00:00,2138.8,13.230495657355243,0.7913536040111777,0.0038917409567461644,-1.2451763094268549,9.104235233495483,10.352629633709912,0.8794128212459716,0
2026-04-02 00:00:00+00:00,2138.7,12.62746488491917,0.7743375997196866,0.00033676648050954633,-0.3954608698164516,8.888218431102944,10.352629633709912,0.8585469340235453,0
2026-04-02 00:15:00+00:00,2136.81,11.879717395453483,0.7664483272198346,-0.0005472455308281989,-0.9196163530525633,8.704059971738445,10.285727032053542,0.8462270041401908,0
2026-04-02 00:30:00+00:00,2152.57,12.895274345060427,0.9968067538938932,0.0038002129164549665,2.9411706665401485,9.548769973757109,10.285727032053542,0.9283514858988728,0
2026-04-02 00:45:00+00:00,2154.58,14.0106752062179,0.9985184401193832,0.0034402897301316574,0.9429326548924634,9.571714975631595,10.285727032053542,0.9305822472055829,0
2026-04-02 01:00:00+00:00,2139.29,14.508109498259625,1.3591931981496157,-0.0010161569159374906,12.146452322890585,11.499449620229335,10.285727032053542,1.1180006609541022,0
2026-04-02 01:15:00+00:00,2110.8,15.903321555051873,1.555067776180694,-0.009571451259173653,5.557680286979349,13.216631790212952,10.285727032053542,1.2849487205936727,0
2026-04-02 01:30:00+00:00,2090.71,17.874712330982668,1.5265815611990023,-0.015618387526609009,1.7993088124461933,13.744729519483466,10.285727032053542,1.3362914917584912,0
2026-04-02 01:45:00+00:00,2098.56,19.804550362838256,1.4214303877189338,-0.010468507096995846,0.5678472286335684,13.676534553806073,10.285727032053542,1.3296614338671164,0
2026-04-02 02:00:00+00:00,2077.85,22.071493379238397,1.4305296040156212,-0.018078558558161578,0.9545946144789126,14.275353514248494,10.285727032053542,1.3878798717642447,0
2026-04-02 02:15:00+00:00,2081.46,24.1765118944671,1.3087599807158021,-0.01509762761654309,0.2884680317984167,13.950685406087889,10.285727032053542,1.3563149559202952,0
2026-04-02 02:30:00+00:00,2065.06,26.64786225418753,1.3733480401253857,-0.020613143817383158,1.058898211950405,14.784922162795905,10.285727032053542,1.4374212067578174,1
2026-04-02 02:45:00+00:00,2072.78,28.94268758821364,1.2810877127985023,-0.016055092386909765,-0.13534494700220961,14.580284865453345,10.285727032053542,1.417525938615386,1
2026-04-02 03:00:00+00:00,2068.42,31.007268561454744,1.1818507130664437,-0.017698632475912336,-0.5922417608542827,14.21383594649238,10.285727032053542,1.3818990045329438,1
2026-04-02 03:15:00+00:00,2072.95,33.03222238079008,1.1292423776252267,-0.01501384967773533,-0.4292112260419805,14.047133378885789,10.285727032053542,1.3656918305444554,1
2026-04-02 03:30:00+00:00,2052.96,35.50349738978103,1.2778299065135714,-0.021844962810921673,1.592972574358664,15.214480994679654,10.285727032053542,1.4791838192153626,1
2026-04-02 03:45:00+00:00,2054.73,37.79825275527263,1.1432195573262185,-0.020402085927090276,-0.49128173510706896,14.579875209345388,10.285727032053542,1.417486110987579,1
2026-04-02 04:00:00+00:00,2052.5,39.83100725926082,1.032855972127643,-0.020992886432210343,-0.6136086991554678,13.980598408677864,10.285727032053542,1.3592231609015044,1
2026-04-02 04:15:00+00:00,2050.11,41.89012728902826,1.000868299912408,-0.021557122355221392,-0.5316974932826667,13.776984236629437,10.285727032053542,1.3394273631505138,1
2026-04-02 04:30:00+00:00,2044.15,43.92506187154062,0.9763712516043667,-0.02371283825352051,-0.47419731108747076,13.589342505441627,10.285727032053542,1.3211844396699413,1
2026-04-02 04:45:00+00:00,2043.49,45.83487039890281,0.9023576690511422,-0.023549324307600226,-0.7219208839950033,13.081532326481513,10.285727032053542,1.271814066785495,1
2026-04-02 05:00:00+00:00,2041.9,47.695835024204,0.899610240036657,-0.023667419283336186,-0.5549398668341692,12.93285144601855,10.285727032053542,1.2573589990980454,1
2026-04-02 05:15:00+00:00,2045.43,49.42387360484082,0.8403651602569046,-0.02158737621915441,-0.8209740675947446,12.462647771302949,10.285727032053542,1.211644809595417,1
2026-04-02 05:30:00+00:00,2048.24,50.83454502225129,0.7962341207611777,-0.019720131671724248,-0.6272642442761022,12.038887216209863,10.285727032053542,1.1704459177939417,1
2026-04-02 05:45:00+00:00,2049.01,51.85250819702206,0.7469629791483529,-0.018872653820684135,-0.6155566203640024,11.566109557909165,10.285727032053542,1.124481480197321,1
2026-04-02 06:00:00+00:00,2045.17,52.80480225419136,0.7077151021404035,-0.02045974939908985,-0.9574911053092304,11.122816018058503,10.285727032053542,1.081383550564421,1
2026-04-02 06:15:00+00:00,2049.0,53.157931795505746,0.7168363911276758,-0.018226923743902494,-0.5916804704401055,10.901900588197163,10.285727032053542,1.0599056881660802,1
2026-04-02 06:30:00+00:00,2044.26,53.51851733425292,0.6959241706664,-0.0202682247987835,-0.9622685942198008,10.551764831897383,10.285727032053542,1.0258647540436163,1
2026-04-02 06:45:00+00:00,2048.7,53.85334676308959,0.661467061738305,-0.01799671441160824,-1.09588448395255,10.136638772476143,10.285727032053542,0.9855053260588393,1
2026-04-02 07:00:00+00:00,2044.06,54.25387289926925,0.6651765562914699,-0.02001946332858757,-0.857828707825058,9.884736003013556,10.285727032053542,0.9610148093770744,1
2026-04-02 07:15:00+00:00,2045.87,54.625790025721784,0.6489921596395123,-0.01897892668520516,-0.8333313410314862,9.557254859941173,10.285727032053542,0.9291764043667285,1
2026-04-02 07:30:00+00:00,2052.58,54.049458592053455,0.6703489364291471,-0.015527077088090268,-0.5009546555074692,9.392450941373946,10.285727032053542,0.9131538210283174,1
2026-04-02 07:45:00+00:00,2054.8,52.80971208738147,0.6201069037214927,-0.01420645389148496,-0.19496539343339242,8.94727587413294,10.285727032053542,0.869872965348043,1
2026-04-02 08:00:00+00:00,2050.21,52.10149072883414,0.6408183947124142,-0.016240978993886337,-0.5822999256064124,8.776041883123458,10.285727032053542,0.853225236852443,1
2026-04-02 08:15:00+00:00,2048.86,51.67804195577345,0.6326650504847504,-0.01675559098783314,-0.7281130097566423,8.509181748614637,10.285727032053542,0.8272805337043619,1
2026-04-02 08:30:00+00:00,2044.96,51.434705304693274,0.6744933891709765,-0.01847646834547353,-0.6314580749500694,8.443525909427871,10.285727032053542,0.8208973350269946,1
2026-04-02 08:45:00+00:00,2045.08,51.20874984297597,0.6150071834850029,-0.018295603618644612,-1.50887499030599,8.015416915897312,10.285727032053542,0.7792756789013325,1
2026-04-02 09:00:00+00:00,2042.51,51.532281338959386,0.6804484494527395,-0.019117844272628498,1.3481528837778025,8.03717285047607,10.285727032053542,0.7813908365864393,1
2026-04-02 09:15:00+00:00,2045.59,51.7208171428389,0.6902918275400081,-0.017423529366245576,-0.37511270545194864,7.891660504013494,10.285727032053542,0.7672438204339481,1
2026-04-02 09:30:00+00:00,2043.6,51.895886103584154,0.6718196987437901,-0.018272908313336052,-1.420439988466632,7.651541896583957,10.285727032053542,0.7438989847523039,1
2026-04-02 09:45:00+00:00,2042.82,52.125768303697825,0.6179727431910144,-0.018572514217467775,-1.6523206411026206,7.2842889039708165,10.285727032053542,0.7081938769394419,1
2026-04-02 10:00:00+00:00,2033.67,53.1275562159438,0.7904100023662521,-0.02242663513218478,2.4590560293997306,7.706125410830031,10.285727032053542,0.7492057087277676,1
2026-04-02 10:15:00+00:00,2035.0,54.05778784874363,0.7630310317250527,-0.021566375210065845,-0.3167834749384712,7.502830738627879,10.285727032053542,0.7294409734233382,1
2026-04-02 10:30:00+00:00,2038.33,53.99985988783573,0.7576602243139595,-0.01980289920616602,-0.6356740736116961,7.3676285430115955,10.285727032053542,0.7162963318054,1
2026-04-02 10:45:00+00:00,2037.68,53.946069638421264,0.6914516654665726,-0.02004699886101422,-1.386986463940722,7.0206550756536235,10.285727032053542,0.6825628420601739,1
2026-04-02 11:00:00+00:00,2031.18,54.40588591039729,0.7815235635896468,-0.0228871935257383,0.5631131716141339,7.182751141678362,10.285727032053542,0.6983221622831972,1
2026-04-02 11:15:00+00:00,2036.74,55.324635451496164,0.9595866442313912,-0.019568958508761017,3.6235427848355157,7.741840345844193,10.285727032053542,0.7526779897734207,1
2026-04-02 11:30:00+00:00,2033.27,55.95852733166225,0.9574346018501216,-0.021050620946420347,-0.21705140906546436,7.7431374639981785,10.285727032053542,0.7528040983265588,1
2026-04-02 11:45:00+00:00,2032.04,56.54714122038791,0.884377213252774,-0.021508456633971617,-0.6243524660282606,7.472199073712598,10.285727032053542,0.7264628985804201,1
2026-04-02 12:00:00+00:00,2028.36,57.44820737502242,0.8943352641589255,-0.022923102909702408,0.8473283148983316,7.4663277113045625,10.285727032053542,0.7258920723870224,1
2026-04-02 12:15:00+00:00,2029.94,58.38455084514067,0.9366056870066294,-0.021781234379614146,1.0100804625480369,7.586590017639957,10.285727032053542,0.7375842265692809,1
2026-04-02 12:30:00+00:00,2029.63,59.254012638821905,0.8792065472470812,-0.021731237807695158,-0.2731825948125665,7.363262159237106,10.285727032053542,0.7158718227978322,1
2026-04-02 12:45:00+00:00,2025.89,60.16620103544729,0.8837936507211065,-0.023389217382278175,-0.6687598598569057,7.331600576434445,10.285727032053542,0.7127936171732815,1
2026-04-02 13:00:00+00:00,2020.89,61.37624313935365,1.0007676605212368,-0.025217975115846183,2.1731077576203255,7.720771963831983,10.285727032053542,0.7506296773938919,1
2026-04-02 13:15:00+00:00,2029.21,61.51402514015608,1.1060538910916304,-0.020786636519845025,1.2416877802263142,8.17071682355827,10.285727032053542,0.7943742623244581,1
2026-04-02 13:30:00+00:00,2019.11,61.83942994690987,1.2242680486669648,-0.02490300065841338,3.1465665282875426,8.790665621875545,10.285727032053542,0.8546469874692457,1
2026-04-02 13:45:00+00:00,2037.69,59.9503036230154,1.4011241699241923,-0.015255541163897046,3.2118748150184064,9.869189506027299,10.285727032053542,0.959503346265346,1
2026-04-02 14:00:00+00:00,2037.96,58.19611489368482,1.3266056382520737,-0.014753544462176667,1.1983544418282195,9.877818827025349,10.285727032053542,0.9603423069893822,1
2026-04-02 14:15:00+00:00,2037.21,55.26412462651239,1.3021474378080546,-0.014732774634710389,1.6721213016558496,10.065831767952126,10.285727032053542,0.9786213202609643,1
2026-04-02 14:30:00+00:00,2070.0,52.91339145826886,1.5635912845960294,0.001415091151446521,6.569689580488032,11.88255807024126,10.285727032053542,1.1552472696593534,1
2026-04-02 14:45:00+00:00,2062.6,50.73056780204273,1.5137965421056743,-0.002112095185562081,0.777976329810199,12.220946779509733,10.285727032053542,1.1881461311801724,1
2026-04-02 15:00:00+00:00,2062.5,48.703660121261315,1.394179945831591,-0.0021151183763254804,0.15594150569140378,12.051593438116175,10.285727032053542,1.1716812433928725,1
2026-04-02 15:15:00+00:00,2055.3,45.52079425915092,1.3656078434100443,-0.005454558153994098,0.5826215950393329,12.300051049679286,10.285727032053542,1.1958368145828175,1
2026-04-02 15:30:00+00:00,2063.62,42.73812832288498,1.3172517031427755,-0.001384128034357895,-0.30127928819392885,12.390761688987922,10.285727032053542,1.204655893586757,1
2026-04-02 15:45:00+00:00,2058.46,40.1939282958326,1.2466466605018416,-0.003852554888357983,-0.6974927945211863,12.288564425488786,10.285727032053542,1.1947200608370976,1
2026-04-02 16:00:00+00:00,2056.96,37.8314568421411,1.1258960377884109,-0.004554096783058976,-0.8961118032262114,11.825095537953855,10.285727032053542,1.1496606414989587,1
2026-04-02 16:15:00+00:00,2056.84,35.138624993611806,1.0486915044172869,-0.004575774265326637,-0.777473805114312,11.50044585667142,10.285727032053542,1.1180975171548335,1
2026-04-02 16:30:00+00:00,2066.39,34.493191582556655,1.1509441231067035,4.6727772099133016e-05,0.19841530922399275,12.088271152623463,10.285727032053542,1.1752471278843615,1
2026-04-02 16:45:00+00:00,2061.94,33.89386055800544,1.0778629678164657,-0.002100919209823557,-0.7721502909875109,11.804108927436081,10.285727032053542,1.1476202791159815,1
2026-04-02 17:00:00+00:00,2063.77,32.30996166943395,1.061748534121832,-0.0011907381167921161,-0.5586780562364506,11.765958289762073,10.285727032053542,1.1439111939385196,1
2026-04-02 17:15:00+00:00,2064.54,31.36079082633279,1.0041062050028813,-0.000817930445601073,-0.6034448024232439,11.48910412620763,10.285727032053542,1.1169948502817535,1
2026-04-02 17:30:00+00:00,2058.22,29.606414531341112,0.9760189828165711,-0.003852851638298078,-0.7020882009640099,11.320596688621379,10.285727032053542,1.1006122030404715,1
2026-04-02 17:45:00+00:00,2046.0,28.331599568622245,1.0469194891805629,-0.009605687532596403,0.23676575969926938,11.653411210862693,10.285727032053542,1.1329691303830074,1
2026-04-02 18:00:00+00:00,2046.21,27.166056763106443,0.9982316082615189,-0.009394091365350521,-0.4357822238403325,11.416024695801083,10.285727032053542,1.109889914463526,1
2026-04-02 18:15:00+00:00,2043.56,26.08376701512748,0.9377173367166136,-0.010633552230405715,-1.0018326043553325,11.079880074672438,10.285727032053542,1.0772092279081553,1
2026-04-02 18:30:00+00:00,2048.66,25.078783677718448,0.8791851900156609,-0.008139014691691707,-1.075278067325194,10.713460069338714,10.285727032053542,1.0415851048693225,1
2026-04-02 18:45:00+00:00,2057.41,23.93519372980934,0.9623220125986091,-0.003860951861528385,-0.4649945604503379,11.006070064385945,10.285727032053542,1.0700332635785093,0
2026-04-02 19:00:00+00:00,2058.5,22.87328877817945,0.8780657758392142,-0.003321442040280548,-0.8873352499978501,10.539922202644094,10.285727032053542,1.0247133887374613,0
2026-04-02 19:15:00+00:00,2059.68,22.03613255765129,0.8399532912250348,-0.0027377492270455914,-0.7692616753474932,10.242784902455238,10.285727032053542,0.9958250759071787,0
2026-04-02 19:30:00+00:00,2057.77,21.0571981515211,0.8216373595762299,-0.0036465624701343896,-0.6756958313741189,10.016157409422732,10.285727032053542,0.9737918747220545,0
2026-04-02 19:45:00+00:00,2064.39,20.701975408226996,0.8434744758813092,-0.0004350200402957511,-0.8813827892097928,9.964289023035391,10.285727032053542,0.9687491211835149,0
2026-04-02 20:00:00+00:00,2064.6,20.752857697659678,0.8741937432972369,-0.0003309448090280946,-0.18575711199878706,9.973982664247142,10.285727032053542,0.9696915573556535,0
2026-04-02 20:15:00+00:00,2070.21,20.894244268401167,0.836209329090443,0.002376158074043532,-0.4634341890694234,9.696555331086643,10.285727032053542,0.9427194889451318,0
2026-04-02 20:30:00+00:00,2070.38,21.294209450667452,0.8050642839752518,0.0024428903430594455,-0.2932305197937206,9.429658521723315,10.285727032053542,0.9167712201906146,0
2026-04-02 20:45:00+00:00,2067.29,21.49307495730413,0.755309078026763,0.0009394531086968393,-0.47347016336076475,9.071111484457353,10.285727032053542,0.8819125236542767,0
2026-04-02 21:00:00+00:00,2058.65,19.98562346137558,0.8950963727239172,-0.0032284684477153678,0.10057332986893056,9.49531780699613,10.285727032053542,0.9231547539037106,0
2026-04-02 21:15:00+00:00,2058.46,18.58584707229907,0.8589355449170312,-0.003310233296148425,-0.8942212114583425,9.259937963639285,10.285727032053542,0.9002706308248725,0
2026-04-02 21:30:00+00:00,2057.13,17.322480211482667,0.819021531309633,-0.003943400561123255,-0.9429942636295797,8.989228109093641,10.285727032053542,0.8739516498036936,0
2026-04-02 21:45:00+00:00,2062.23,16.188256526665427,0.7970030319559662,-0.0014632034512301402,-0.4678377001693598,8.772854672729814,10.285727032053542,0.8529153695592792,0
2026-04-02 22:00:00+00:00,2060.7,15.296697837105643,0.7518634354858237,-0.0021925462599834632,-0.06600563567821933,8.456222196106268,10.285727032053542,0.8221316947021864,0
2026-04-02 22:15:00+00:00,2056.18,14.971292756345532,0.8423978085630728,-0.00435924078620464,-0.10471182253467735,8.657206324955819,10.285727032053542,0.84167179412571,0
2026-04-02 22:30:00+00:00,2060.31,14.669130895639714,0.8025625407663376,-0.00235389206182257,-1.1882792431715863,8.397405873173259,10.285727032053542,0.8164134481699074,0
2026-04-02 22:45:00+00:00,2059.08,14.38855202498431,0.7450292295861076,-0.002945483643359399,-1.2366863337039435,8.053305453660878,10.285727032053542,0.7829592821746347,0
2026-04-02 23:00:00+00:00,2056.84,14.525316394136508,0.7479966707034441,-0.00400813220889684,0.4209671601039641,7.910926492685097,10.285727032053542,0.7691169003447376,0
2026-04-02 23:15:00+00:00,2053.98,14.809980320975349,0.7793313238181817,-0.005365033620283514,0.9912043509299813,7.879431743207576,10.285727032053542,0.7660549146066975,0
2026-04-02 23:30:00+00:00,2054.37,15.211022513989157,0.7238339169676716,-0.005154735821032766,-0.3157857547637715,7.552329475835587,10.285727032053542,0.734253344688243,0
2026-04-02 23:45:00+00:00,2055.96,15.422163148983174,0.6849585284562822,-0.004379108252506659,-1.9472511188215282,7.265020227561599,10.285727032053542,0.7063205357211526,0
2026-04-03 00:00:00+00:00,2054.7,15.23558223419069,0.7212108381433661,-8.110826330979226e-05,-0.569721381024505,7.220375925592904,10.285727032053542,0.7019801228529549,0
2026-04-03 00:15:00+00:00,2053.96,14.959996362695753,0.7455355559473437,-0.0004718188531868177,-0.9995347654926976,7.158206216621976,7.34579111188899,0.974463622445864,0
2026-04-03 00:30:00+00:00,2052.52,14.928059669467288,0.7572311391567316,-0.0010226231883506964,-1.4134401103680934,7.069048629720429,7.34579111188899,0.9623263882741425,0
2026-04-03 00:45:00+00:00,2052.06,15.381388853772267,0.7271507445915445,-0.0007344954821989204,-0.5370687708150772,6.849830870454684,7.34579111188899,0.9324837537741026,0
2026-04-03 01:00:00+00:00,2053.22,15.305507249186128,0.7033054366036056,-9.872359122953919e-05,-1.0405147615427284,6.641985808279354,7.34579111188899,0.9041893115541301,0
2026-04-03 01:15:00+00:00,2058.47,14.335085010169369,0.8079748825427979,0.002089591856064412,0.8819902176831506,6.840415393402262,7.34579111188899,0.931202002508785,0
2026-04-03 01:30:00+00:00,2047.0,14.288694725495256,1.0514471949999307,-0.0028411684953910535,5.383888787983475,7.622528579587828,7.34579111188899,1.0376729290941782,0
2026-04-03 01:45:00+00:00,2049.43,14.260841623517269,1.0043048420846257,-0.0014110649719861375,-0.25319290242364845,7.506633681045841,7.34579111188899,1.021895881152478,0
2026-04-03 02:00:00+00:00,2048.51,14.322746623562576,0.9761278283919462,-0.0015527759887771747,0.3245085712626137,7.430445560971126,7.34579111188899,1.0115242113194758,0
2026-04-03 02:15:00+00:00,2047.86,14.063801577454699,1.0596284876718811,-0.0018453076525074051,1.6985609785593243,7.753985163758905,7.34579111188899,1.0555684262800862,0
2026-04-03 02:30:00+00:00,2043.07,13.784836999924622,1.0949669240970328,-0.0035367887717200506,1.7778098278115944,7.95727193777612,7.34579111188899,1.0832423379011504,0
2026-04-03 02:45:00+00:00,2051.43,12.831858022497968,1.1305586640878071,0.0006046901250967075,0.8483652299431259,8.190323942220669,7.34579111188899,1.1149682610719522,0
2026-04-03 03:00:00+00:00,2054.88,12.15467024925248,1.0630945985402447,0.0021919821563996847,0.0587881741257167,8.030300803490608,7.34579111188899,1.0931839309307005,0
2026-04-03 03:15:00+00:00,2051.86,11.75148140335691,1.0112070105820459,0.0006428111903581885,-0.024578771204969003,7.886707888955564,7.34579111188899,1.0736362862525608,0
2026-04-03 03:30:00+00:00,2052.35,11.300311676825508,0.9710314474384476,0.0008495487487308571,-0.7963843876185256,7.754800182601593,7.34579111188899,1.0556793767318855,0
2026-04-03 03:45:00+00:00,2053.0,10.881368359332061,0.9023270094517195,0.0011445865277999643,-0.983032627545655,7.495885883844345,7.34579111188899,1.0204327579792503,0
2026-04-03 04:00:00+00:00,2054.36,10.675484311820613,0.8378594868413499,0.001772498252292305,-0.988938568479062,7.22046546356974,7.34579111188899,0.9829391216806569,0
2026-04-03 04:15:00+00:00,2050.14,10.099118664244912,0.8574043469413609,-0.0003052149623638388,-0.8346649626144286,7.200432216171905,7.34579111188899,0.9802119481070154,0
2026-04-03 04:30:00+00:00,2050.9,9.699016299443416,0.8217827332952298,7.322216834079284e-05,-0.6630200925088217,7.0068299150167705,7.34579111188899,0.9538564067900571,0
2026-04-03 04:45:00+00:00,2053.64,9.36361284980519,0.8004585854242601,0.0013719199836509375,-0.5074058113636308,6.845627778229859,7.34579111188899,0.9319115768416517,0
2026-04-03 05:00:00+00:00,2052.81,9.121082482224423,0.74777748273646,0.0009472925627816888,-1.016134783808737,6.57951150835629,7.34579111188899,0.8956845366467753,0
